match_api_id,home_team_api_id,away_team_api_id
2030537,8370,8581
2030536,9906,9910
2030535,9864,8306
2030534,8315,8302
2030533,7878,8634
2030532,8558,8372
2030531,8603,8305
2030530,9869,10205
2030529,9783,8633
2030528,10267,8560
2030527,8581,9906
2030526,9910,9864
2030525,8306,8315
2030524,8302,7878
2030523,8634,8558
2030522,8372,8603
2030521,8305,9869
2030520,10205,9783
2030519,8633,10267
2030518,8560,8370
2030517,9906,8370
2030516,9864,8581
2030515,8315,9910
2030514,7878,8306
2030513,8558,8302
2030512,8603,8634
2030511,9869,8372
2030510,9783,8305
2030509,10267,10205
2030508,8560,8633
2030507,9906,9864
2030506,8581,8315
2030505,9910,7878
2030504,8306,8558
2030503,8302,8603
2030502,8634,9869
2030501,8372,9783
2030500,8305,10267
2030499,10205,8560
2030498,8370,8633
2030497,9864,8370
2030496,8315,9906
2030495,7878,8581
2030494,8558,9910
2030493,8603,8306
2030492,9869,8302
2030491,9783,8634
2030490,10267,8372
2030489,8560,8305
2030488,8633,10205
2030487,9864,8315
2030486,9906,7878
2030485,8581,8558
2030484,9910,8603
2030483,8306,9869
2030482,8302,9783
2030481,8634,10267
2030480,8372,8560
2030479,8305,8633
2030478,8370,10205
2030477,8315,8370
2030476,7878,9864
2030475,8558,9906
2030474,8603,8581
2030473,9869,9910
2030472,9783,8306
2030471,10267,8302
2030470,8560,8634
2030469,8633,8372
2030468,10205,8305
2030467,8315,7878
2030466,9864,8558
2030465,9906,8603
2030464,8581,9869
2030463,9910,9783
2030462,8306,10267
2030461,8302,8560
2030460,8634,8633
2030459,8372,10205
2030458,8370,8305
2030457,7878,8370
2030456,8558,8315
2030455,8603,9864
2030454,9869,9906
2030453,9783,8581
2030452,10267,9910
2030451,8560,8306
2030450,8633,8302
2030449,10205,8634
2030448,8305,8372
2030447,7878,8558
2030446,8315,8603
2030445,9864,9869
2030444,9906,9783
2030443,8581,10267
2030442,9910,8560
2030441,8306,8633
2030440,8302,10205
2030439,8634,8305
2030438,8370,8372
2030437,8558,8370
2030436,8603,7878
2030435,9869,8315
2030434,9783,9864
2030433,10267,9906
2030432,8560,8581
2030431,8633,9910
2030430,10205,8306
2030429,8305,8302
2030428,8372,8634
2030427,8558,8603
2030426,7878,9869
2030425,8315,9783
2030424,9864,10267
2030423,9906,8560
2030422,8581,8633
2030421,9910,10205
2030420,8306,8305
2030419,8302,8372
2030418,8370,8634
2030417,8603,8370
2030416,9869,8558
2030415,9783,7878
2030414,10267,8315
2030413,8560,9864
2030412,8633,9906
2030411,10205,8581
2030410,8305,9910
2030409,8372,8306
2030408,8634,8302
2030407,8603,9869
2030406,8558,9783
2030405,7878,10267
2030404,8315,8560
2030403,9864,8633
2030402,9906,10205
2030401,8581,8305
2030400,9910,8372
2030399,8306,8634
2030398,8370,8302
2030397,9869,8370
2030396,9783,8603
2030395,10267,8558
2030394,8560,7878
2030393,8633,8315
2030392,10205,9864
2030391,8305,9906
2030390,8372,8581
2030389,8634,9910
2030388,8302,8306
2030387,9869,9783
2030386,8603,10267
2030385,8558,8560
2030384,7878,8633
2030383,8315,10205
2030382,9864,8305
2030381,9906,8372
2030380,8581,8634
2030379,9910,8302
2030378,8370,8306
2030377,9783,8370
2030376,10267,9869
2030375,8560,8603
2030374,8633,8558
2030373,10205,7878
2030372,8305,8315
2030371,8372,9864
2030370,8634,9906
2030369,8302,8581
2030368,8306,9910
2030367,9783,10267
2030366,9869,8560
2030365,8603,8633
2030364,8558,10205
2030363,7878,8305
2030362,8315,8372
2030361,9864,8634
2030360,9906,8302
2030359,8581,8306
2030358,8370,9910
2030357,10267,8370
2030356,8560,9783
2030355,8633,9869
2030354,10205,8603
2030353,8305,8558
2030352,8372,7878
2030351,8634,8315
2030350,8302,9864
2030349,8306,9906
2030348,9910,8581
2030272,8581,8370
2030271,9910,9906
2030270,8306,9864
2030269,8302,8315
2030268,8634,7878
2030267,8372,8558
2030266,8305,8603
2030265,10205,9869
2030264,8633,9783
2030263,8560,10267
2030262,9906,8581
2030261,9864,9910
2030260,8315,8306
2030259,7878,8302
2030258,8558,8634
2030257,8603,8372
2030256,9869,8305
2030255,9783,10205
2030254,10267,8633
2030253,8370,8560
2030252,8370,9906
2030251,8581,9864
2030250,9910,8315
2030249,8306,7878
2030248,8302,8558
2030247,8634,8603
2030246,8372,9869
2030245,8305,9783
2030244,10205,10267
2030243,8633,8560
2030242,9864,9906
2030241,8315,8581
2030240,7878,9910
2030239,8558,8306
2030238,8603,8302
2030237,9869,8634
2030236,9783,8372
2030235,10267,8305
2030234,8560,10205
2030233,8633,8370
2030232,8370,9864
2030231,9906,8315
2030230,8581,7878
2030229,9910,8558
2030228,8306,8603
2030227,8302,9869
2030226,8634,9783
2030225,8372,10267
2030224,8305,8560
2030223,10205,8633
2030222,8315,9864
2030221,7878,9906
2030220,8558,8581
2030219,8603,9910
2030218,9869,8306
2030217,9783,8302
2030216,10267,8634
2030215,8560,8372
2030214,8633,8305
2030213,10205,8370
2030212,8370,8315
2030211,9864,7878
2030210,9906,8558
2030209,8581,8603
2030208,9910,9869
2030207,8306,9783
2030206,8302,10267
2030205,8634,8560
2030204,8372,8633
2030203,8305,10205
2030202,7878,8315
2030201,8558,9864
2030200,8603,9906
2030199,9869,8581
2030198,9783,9910
2030197,10267,8306
2030196,8560,8302
2030194,8633,8634
2030193,10205,8372
2030192,8305,8370
2030191,8370,7878
2030190,8315,8558
2030189,9864,8603
2030188,9906,9869
2030187,8581,9783
2030186,9910,10267
2030185,8306,8560
2030184,8302,8633
2030183,8634,10205
2030182,8372,8305
2030181,8558,7878
2030180,8603,8315
2030179,9869,9864
2030178,9783,9906
2030177,10267,8581
2030176,8560,9910
2030175,8633,8306
2030174,10205,8302
2030173,8305,8634
2030172,8372,8370
2030171,8370,8558
2030170,7878,8603
2030169,8315,9869
2030168,9864,9783
2030167,9906,10267
2030166,8581,8560
2030165,9910,8633
2030164,8306,10205
2030163,8302,8305
2030162,8634,8372
2030161,8603,8558
2030160,9869,7878
2030159,9783,8315
2030158,10267,9864
2030157,8560,9906
2030156,8633,8581
2030155,10205,9910
2030154,8305,8306
2030153,8372,8302
2030152,8634,8370
2030151,8370,8603
2030150,8558,9869
2030149,7878,9783
2030148,8315,10267
2030147,9864,8560
2030146,9906,8633
2030145,8581,10205
2030144,9910,8305
2030143,8306,8372
2030142,8302,8634
2030141,9869,8603
2030140,9783,8558
2030139,10267,7878
2030138,8560,8315
2030137,8633,9864
2030136,10205,9906
2030135,8305,8581
2030134,8372,9910
2030133,8634,8306
2030132,8302,8370
2030131,8370,9869
2030130,8603,9783
2030129,8558,10267
2030128,7878,8560
2030127,8315,8633
2030126,9864,10205
2030125,9906,8305
2030124,8581,8372
2030123,9910,8634
2030122,8306,8302
2030121,9783,9869
2030120,10267,8603
2030119,8560,8558
2030118,8633,7878
2030117,10205,8315
2030116,8305,9864
2030115,8372,9906
2030114,8634,8581
2030113,8302,9910
2030112,8306,8370
2030111,8370,9783
2030110,9869,10267
2030109,8603,8560
2030108,8558,8633
2030107,7878,10205
2030106,8315,8305
2030105,9864,8372
2030104,9906,8634
2030103,8581,8302
2030102,9910,8306
2030101,10267,9783
2030100,8560,9869
2030099,8633,8603
2030098,10205,8558
2030097,8305,7878
2030096,8372,8315
2030095,8634,9864
2030094,8302,9906
2030093,8306,8581
2030092,9910,8370
2030091,8370,10267
2030090,9783,8560
2030089,9869,8633
2030088,8603,10205
2030087,8558,8305
2030086,7878,8372
2030085,8315,8634
2030084,9864,8302
2030083,9906,8306
2030082,8581,9910
1778413,9864,8302
1778412,9865,10267
1778411,9910,8558
1778410,8633,8305
1778409,8372,7869
1778408,8370,8560
1778407,7878,9906
1778406,8634,9783
1778405,8581,10268
1778404,8315,10205
1778403,8302,9865
1778402,10267,9910
1778401,8558,8633
1778400,8305,8372
1778399,7869,8370
1778398,8560,7878
1778397,9906,8634
1778396,9783,8581
1778395,10268,8315
1778394,10205,9864
1778393,9865,9864
1778392,9910,8302
1778391,8633,10267
1778390,8372,8558
1778389,8370,8305
1778388,7878,7869
1778387,8634,8560
1778386,8581,9906
1778385,8315,9783
1778384,10205,10268
1778383,9865,9910
1778382,8302,8633
1778381,10267,8372
1778380,8558,8370
1778379,8305,7878
1778378,7869,8634
1778377,8560,8581
1778376,9906,8315
1778375,9783,10205
1778374,9864,10268
1778373,9910,9864
1778372,8633,9865
1778371,8372,8302
1778370,8370,10267
1778369,7878,8558
1778368,8634,8305
1778367,8581,7869
1778366,8315,8560
1778365,10205,9906
1778364,10268,9783
1778363,9910,8633
1778362,9865,8372
1778361,8302,8370
1778360,10267,7878
1778359,8558,8634
1778358,8305,8581
1778357,7869,8315
1778356,8560,10205
1778355,9906,10268
1778354,9864,9783
1778353,8633,9864
1778352,8372,9910
1778351,8370,9865
1778350,7878,8302
1778349,8634,10267
1778348,8581,8558
1778347,8315,8305
1778346,10205,7869
1778345,10268,8560
1778344,9783,9906
1778343,8633,8372
1778342,9910,8370
1778341,9865,7878
1778340,8302,8634
1778339,10267,8581
1778338,8558,8315
1778337,8305,10205
1778336,7869,10268
1778335,8560,9783
1778334,9864,9906
1778333,8372,9864
1778332,8370,8633
1778331,7878,9910
1778330,8634,9865
1778329,8581,8302
1778328,8315,10267
1778327,10205,8558
1778326,10268,8305
1778325,9783,7869
1778324,9906,8560
1778323,8372,8370
1778322,8633,7878
1778321,9910,8634
1778320,9865,8581
1778319,8302,8315
1778318,10267,10205
1778317,8558,10268
1778316,8305,9783
1778315,7869,9906
1778314,9864,8560
1778313,8370,9864
1778312,7878,8372
1778311,8634,8633
1778310,8581,9910
1778309,8315,9865
1778308,10205,8302
1778307,10268,10267
1778306,9783,8558
1778305,9906,8305
1778304,8560,7869
1778303,8370,7878
1778302,8372,8634
1778301,8633,8581
1778300,9910,8315
1778299,9865,10205
1778298,8302,10268
1778297,10267,9783
1778296,8558,9906
1778295,8305,8560
1778294,9864,7869
1778293,7878,9864
1778292,8634,8370
1778291,8581,8372
1778290,8315,8633
1778289,10205,9910
1778288,10268,9865
1778287,9783,8302
1778286,9906,10267
1778285,8560,8558
1778284,7869,8305
1778283,7878,8634
1778282,8370,8581
1778281,8372,8315
1778280,8633,10205
1778279,9910,10268
1778278,9865,9783
1778277,8302,9906
1778276,10267,8560
1778275,8558,7869
1778274,9864,8305
1778273,8634,9864
1778272,8581,7878
1778271,8315,8370
1778270,10205,8372
1778269,10268,8633
1778268,9783,9910
1778267,9906,9865
1778266,8560,8302
1778265,7869,10267
1778264,8305,8558
1778263,8634,8581
1778262,7878,8315
1778261,8370,10205
1778260,8372,10268
1778259,8633,9783
1778258,9910,9906
1778257,9865,8560
1778256,8302,7869
1778255,10267,8305
1778254,9864,8558
1778253,8581,9864
1778252,8315,8634
1778251,10205,7878
1778250,10268,8370
1778249,9783,8372
1778248,9906,8633
1778247,8560,9910
1778246,7869,9865
1778245,8305,8302
1778244,8558,10267
1778243,8581,8315
1778242,8634,10205
1778241,7878,10268
1778240,8370,9783
1778239,8372,9906
1778238,8633,8560
1778237,9910,7869
1778236,9865,8305
1778235,8302,8558
1778234,9864,10267
1778233,8315,9864
1778232,10205,8581
1778231,10268,8634
1778230,9783,7878
1778229,9906,8370
1778228,8560,8372
1778227,7869,8633
1778226,8305,9910
1778225,8558,9865
1778224,10267,8302
1778223,8302,9864
1778222,10267,9865
1778221,8558,9910
1778220,8305,8633
1778219,7869,8372
1778218,8560,8370
1778217,9906,7878
1778216,9783,8634
1778215,10268,8581
1778214,10205,8315
1778213,9865,8302
1778212,9910,10267
1778211,8633,8558
1778210,8372,8305
1778209,8370,7869
1778208,7878,8560
1778207,8634,9906
1778206,8581,9783
1778205,8315,10268
1778204,9864,10205
1778203,9864,9865
1778202,8302,9910
1778201,10267,8633
1778200,8558,8372
1778199,8305,8370
1778198,7869,7878
1778197,8560,8634
1778196,9906,8581
1778195,9783,8315
1778194,10268,10205
1778193,9910,9865
1778192,8633,8302
1778191,8372,10267
1778190,8370,8558
1778189,7878,8305
1778188,8634,7869
1778187,8581,8560
1778186,8315,9906
1778185,10205,9783
1778184,10268,9864
1778183,9864,9910
1778182,9865,8633
1778181,8302,8372
1778180,10267,8370
1778179,8558,7878
1778178,8305,8634
1778177,7869,8581
1778176,8560,8315
1778175,9906,10205
1778174,9783,10268
1778173,8633,9910
1778172,8372,9865
1778171,8370,8302
1778170,7878,10267
1778169,8634,8558
1778168,8581,8305
1778167,8315,7869
1778166,10205,8560
1778165,10268,9906
1778164,9783,9864
1778163,9864,8633
1778162,9910,8372
1778161,9865,8370
1778160,8302,7878
1778159,10267,8634
1778158,8558,8581
1778157,8305,8315
1778156,7869,10205
1778155,8560,10268
1778154,9906,9783
1778153,8372,8633
1778152,8370,9910
1778151,7878,9865
1778150,8634,8302
1778149,8581,10267
1778148,8315,8558
1778147,10205,8305
1778146,10268,7869
1778145,9783,8560
1778144,9906,9864
1778143,9864,8372
1778142,8633,8370
1778141,9910,7878
1778140,9865,8634
1778139,8302,8581
1778138,10267,8315
1778137,8558,10205
1778136,8305,10268
1778135,7869,9783
1778134,8560,9906
1778133,8370,8372
1778132,7878,8633
1778131,8634,9910
1778130,8581,9865
1778129,8315,8302
1778128,10205,10267
1778127,10268,8558
1778126,9783,8305
1778125,9906,7869
1778124,8560,9864
1778123,9864,8370
1778122,8372,7878
1778121,8633,8634
1778120,9910,8581
1778119,9865,8315
1778118,8302,10205
1778117,10267,10268
1778116,8558,9783
1778115,8305,9906
1778114,7869,8560
1778113,7878,8370
1778112,8634,8372
1778111,8581,8633
1778110,8315,9910
1778109,10205,9865
1778108,10268,8302
1778107,9783,10267
1778106,9906,8558
1778105,8560,8305
1778104,7869,9864
1778103,9864,7878
1778102,8370,8634
1778101,8372,8581
1778100,8633,8315
1778099,9910,10205
1778098,9865,10268
1778097,8302,9783
1778096,10267,9906
1778095,8558,8560
1778094,8305,7869
1778093,8634,7878
1778092,8581,8370
1778091,8315,8372
1778090,10205,8633
1778089,10268,9910
1778088,9783,9865
1778087,9906,8302
1778086,8560,10267
1778085,7869,8558
1778084,8305,9864
1778083,9864,8634
1778082,7878,8581
1778081,8370,8315
1778080,8372,10205
1778079,8633,10268
1778078,9910,9783
1778077,9865,9906
1778076,8302,8560
1778075,10267,7869
1778074,8558,8305
1778073,8581,8634
1778072,8315,7878
1778071,10205,8370
1778070,10268,8372
1778069,9783,8633
1778068,9906,9910
1778067,8560,9865
1778066,7869,8302
1778065,8305,10267
1778064,8558,9864
1778063,9864,8581
1778062,8634,8315
1778061,7878,10205
1778060,8370,10268
1778059,8372,9783
1778058,8633,9906
1778057,9910,8560
1778056,9865,7869
1778055,8302,8305
1778054,10267,8558
1778053,8315,8581
1778052,10205,8634
1778051,10268,7878
1778050,9783,8370
1778049,9906,8372
1778048,8560,8633
1778047,7869,9910
1778046,8305,9865
1778045,8558,8302
1778044,10267,9864
1778043,9865,8558
1778042,8633,7869
1778041,8634,10268
1778040,7878,9783
1778039,8372,8560
1778038,9910,8305
1778037,9864,8315
1778036,8370,9906
1778035,8581,10205
1778034,8302,10267
1506191,10267,9910
1506190,8633,8558
1506189,8371,8603
1506188,10281,7878
1506187,9865,8315
1506186,8560,10205
1506185,8370,8305
1506184,8302,10268
1506183,8634,9906
1506182,9864,8581
1506181,9910,8633
1506180,8558,8371
1506179,8603,10281
1506178,7878,9865
1506177,8315,8560
1506176,10205,8370
1506175,8305,8302
1506174,10268,8634
1506173,9906,9864
1506172,8581,10267
1506171,8633,10267
1506170,8371,9910
1506169,10281,8558
1506168,9865,8603
1506167,8560,7878
1506166,8370,8315
1506165,8302,10205
1506164,8634,8305
1506163,9864,10268
1506162,8581,9906
1506161,8633,8371
1506160,9910,10281
1506159,8558,9865
1506158,8603,8560
1506157,7878,8370
1506156,8315,8302
1506155,10205,8634
1506154,8305,9864
1506153,10268,8581
1506152,10267,9906
1506151,8371,10267
1506150,10281,8633
1506149,9865,9910
1506148,8560,8558
1506147,8370,8603
1506146,8302,7878
1506145,8634,8315
1506144,9864,10205
1506143,8581,8305
1506142,9906,10268
1506141,8371,10281
1506140,8633,9865
1506139,9910,8560
1506138,8558,8370
1506137,8603,8302
1506136,7878,8634
1506135,8315,9864
1506134,10205,8581
1506133,8305,9906
1506132,10267,10268
1506131,10281,10267
1506130,9865,8371
1506129,8560,8633
1506128,8370,9910
1506127,8302,8558
1506126,8634,8603
1506125,9864,7878
1506124,8581,8315
1506123,9906,10205
1506122,10268,8305
1506121,10281,9865
1506120,8371,8560
1506119,8633,8370
1506118,9910,8302
1506117,8558,8634
1506116,8603,9864
1506115,7878,8581
1506114,8315,9906
1506113,10205,10268
1506112,10267,8305
1506111,9865,10267
1506110,8560,10281
1506109,8370,8371
1506108,8302,8633
1506107,8634,9910
1506106,9864,8558
1506105,8581,8603
1506104,9906,7878
1506103,10268,8315
1506102,8305,10205
1506101,9865,8560
1506100,10281,8370
1506099,8371,8302
1506098,8633,8634
1506097,9910,9864
1506096,8558,8581
1506095,8603,9906
1506094,7878,10268
1506093,8315,8305
1506092,10267,10205
1506091,8560,10267
1506090,8370,9865
1506089,8302,10281
1506088,8634,8371
1506087,9864,8633
1506086,8581,9910
1506085,9906,8558
1506084,10268,8603
1506083,8305,7878
1506082,10205,8315
1506081,8560,8370
1506080,9865,8302
1506079,10281,8634
1506078,8371,9864
1506077,8633,8581
1506076,9910,9906
1506075,8558,10268
1506074,8603,8305
1506073,7878,10205
1506072,10267,8315
1506071,8370,10267
1506070,8302,8560
1506069,8634,9865
1506068,9864,10281
1506067,8581,8371
1506066,9906,8633
1506065,10268,9910
1506064,8305,8558
1506063,10205,8603
1506062,8315,7878
1506061,8370,8302
1506060,8560,8634
1506059,9865,9864
1506058,10281,8581
1506057,8371,9906
1506056,8633,10268
1506055,9910,8305
1506054,8558,10205
1506053,8603,8315
1506052,10267,7878
1506051,8302,10267
1506050,8634,8370
1506049,9864,8560
1506048,8581,9865
1506047,9906,10281
1506046,10268,8371
1506045,8305,8633
1506044,10205,9910
1506043,8315,8558
1506042,7878,8603
1506041,8302,8634
1506040,8370,9864
1506039,8560,8581
1506038,9865,9906
1506037,10281,10268
1506036,8371,8305
1506035,8633,10205
1506034,9910,8315
1506033,8558,7878
1506032,10267,8603
1506031,8634,10267
1506030,9864,8302
1506029,8581,8370
1506028,9906,8560
1506027,10268,9865
1506026,8305,10281
1506025,10205,8371
1506024,8315,8633
1506023,7878,9910
1506022,8603,8558
1506021,8634,9864
1506020,8302,8581
1506019,8370,9906
1506018,8560,10268
1506017,9865,8305
1506016,10281,10205
1506015,8371,8315
1506014,8633,7878
1506013,9910,8603
1506012,10267,8558
1506011,9864,10267
1506010,8581,8634
1506009,9906,8302
1506008,10268,8370
1506007,8305,8560
1506006,10205,9865
1506005,8315,10281
1506004,7878,8371
1506003,8603,8633
1506002,8558,9910
1506001,9910,10267
1506000,8558,8633
1505999,8603,8371
1505998,7878,10281
1505997,8315,9865
1505996,10205,8560
1505995,8305,8370
1505994,10268,8302
1505993,9906,8634
1505992,8581,9864
1505991,8633,9910
1505990,8371,8558
1505989,10281,8603
1505988,9865,7878
1505987,8560,8315
1505986,8370,10205
1505985,8302,8305
1505984,8634,10268
1505983,9864,9906
1505982,10267,8581
1505981,10267,8633
1505980,9910,8371
1505979,8558,10281
1505978,8603,9865
1505977,7878,8560
1505976,8315,8370
1505975,10205,8302
1505974,8305,8634
1505973,10268,9864
1505972,9906,8581
1505971,8371,8633
1505970,10281,9910
1505969,9865,8558
1505968,8560,8603
1505967,8370,7878
1505966,8302,8315
1505965,8634,10205
1505964,9864,8305
1505963,8581,10268
1505962,9906,10267
1505961,10267,8371
1505960,8633,10281
1505959,9910,9865
1505958,8558,8560
1505957,8603,8370
1505956,7878,8302
1505955,8315,8634
1505954,10205,9864
1505953,8305,8581
1505952,10268,9906
1505951,10281,8371
1505950,9865,8633
1505949,8560,9910
1505948,8370,8558
1505947,8302,8603
1505946,8634,7878
1505945,9864,8315
1505944,8581,10205
1505943,9906,8305
1505942,10268,10267
1505941,10267,10281
1505940,8371,9865
1505939,8633,8560
1505938,9910,8370
1505937,8558,8302
1505936,8603,8634
1505935,7878,9864
1505934,8315,8581
1505933,10205,9906
1505932,8305,10268
1505931,9865,10281
1505930,8560,8371
1505929,8370,8633
1505928,8302,9910
1505927,8634,8558
1505926,9864,8603
1505925,8581,7878
1505924,9906,8315
1505923,10268,10205
1505922,8305,10267
1505921,10267,9865
1505920,10281,8560
1505919,8371,8370
1505918,8633,8302
1505917,9910,8634
1505916,8558,9864
1505915,8603,8581
1505914,7878,9906
1505913,8315,10268
1505912,10205,8305
1505911,8560,9865
1505910,8370,10281
1505909,8302,8371
1505908,8634,8633
1505907,9864,9910
1505906,8581,8558
1505905,9906,8603
1505904,10268,7878
1505903,8305,8315
1505902,10205,10267
1505901,10267,8560
1505900,9865,8370
1505899,10281,8302
1505898,8371,8634
1505897,8633,9864
1505896,9910,8581
1505895,8558,9906
1505894,8603,10268
1505893,7878,8305
1505892,8315,10205
1505891,8370,8560
1505890,8302,9865
1505889,8634,10281
1505888,9864,8371
1505887,8581,8633
1505886,9906,9910
1505885,10268,8558
1505884,8305,8603
1505883,10205,7878
1505882,8315,10267
1505881,10267,8370
1505880,8560,8302
1505879,9865,8634
1505878,10281,9864
1505877,8371,8581
1505876,8633,9906
1505875,9910,10268
1505874,8558,8305
1505873,8603,10205
1505872,7878,8315
1505871,8302,8370
1505870,8634,8560
1505869,9864,9865
1505868,8581,10281
1505867,9906,8371
1505866,10268,8633
1505865,8305,9910
1505864,10205,8558
1505863,8315,8603
1505862,7878,10267
1505861,10267,8302
1505860,8370,8634
1505859,8560,9864
1505858,9865,8581
1505857,10281,9906
1505856,8371,10268
1505855,8633,8305
1505854,9910,10205
1505853,8558,8315
1505808,8603,7878
1505601,8634,8302
1505600,9864,8370
1505599,8581,8560
1505598,9906,9865
1505597,10268,10281
1505596,8305,8371
1505595,10205,8633
1505594,8315,9910
1505593,7878,8558
1505592,8603,10267
1505591,10267,8634
1505590,8302,9864
1505589,8370,8581
1505588,8560,9906
1505587,9865,10268
1505586,10281,8305
1505585,8371,10205
1505584,8633,8315
1505583,9910,7878
1505582,8558,8603
1505581,10205,10281
1505580,9864,8634
1505579,8581,8302
1505578,9906,8370
1505577,10268,8560
1505576,8305,9865
1505575,8315,8371
1505574,7878,8633
1505573,8603,9910
1505572,8558,10267
1505564,10267,9864
1505563,8634,8581
1505562,8302,9906
1505561,8370,10268
1505560,8560,8305
1505559,9865,10205
1505558,10281,8315
1505557,8371,7878
1505556,8633,8603
1505555,9910,8558
1260341,8370,8315
1260340,8315,8370
1260339,8603,8581
1260338,9906,8394
1260337,8581,8603
1260336,10281,8661
1260335,8558,9910
1260334,8394,9906
1260333,9864,8634
1260332,8560,9783
1260331,8371,8633
1260330,8661,10281
1260329,10267,8302
1260328,8305,7878
1260325,8581,8315
1260324,8394,8603
1260323,8661,9906
1260322,9910,10281
1260321,8634,8558
1260320,9783,9864
1260319,8633,8560
1260318,8302,8371
1260317,7878,10267
1260316,8370,8305
1260315,8370,8581
1260314,8315,8394
1260313,8603,8661
1260312,9906,9910
1260311,8302,9864
1260310,10281,8634
1260309,7878,8560
1260308,8634,9864
1260307,8558,9783
1260306,9783,8560
1260305,8305,8371
1260304,9864,8633
1260303,8633,8371
1260302,8560,8302
1260301,8302,10267
1260300,7878,8305
1260299,8371,7878
1260298,10267,8370
1260297,10267,8305
1260296,8394,8581
1260295,8315,8581
1260294,8603,8394
1260293,8581,8394
1260292,8661,8315
1260291,8315,8661
1260290,9906,8661
1260289,8603,9910
1260288,9910,8603
1260287,10281,9910
1260286,9906,8634
1260285,8558,8634
1260284,10281,9783
1260283,8558,8633
1260282,9864,9783
1260281,8370,8394
1260280,8634,9906
1260279,9864,8302
1260278,8560,8633
1260277,9783,10281
1260276,8581,8661
1260275,8661,8394
1260274,8560,7878
1260273,8371,8302
1260272,8633,8558
1260271,10267,7878
1260270,8371,8305
1260269,9910,8581
1260268,8370,10267
1260267,8305,8370
1260266,8634,8315
1260265,8315,9910
1260264,9783,8603
1260263,8581,8370
1260262,8633,9906
1260261,8394,8315
1260260,8302,10281
1260259,8661,8603
1260258,8394,8370
1260257,9910,9906
1260256,7878,8558
1260255,8661,8581
1260254,8634,10281
1260253,8305,9864
1260252,8603,8634
1260251,9910,8315
1260250,9783,8558
1260249,8634,8603
1260248,10267,8560
1260247,8633,9864
1260246,8302,8560
1260245,9783,9906
1260244,8371,8370
1260243,7878,8371
1260242,9906,9783
1260241,8633,10281
1260240,8305,10267
1260238,8302,8558
1260237,7878,9864
1260236,8370,8661
1260235,10281,8633
1260234,8394,9910
1260233,8305,8560
1260232,9910,8370
1260231,8581,8634
1260230,8558,8302
1260229,10267,8371
1260228,8634,8661
1260227,8315,9783
1260226,9783,8394
1260225,8603,8633
1260224,9864,7878
1260223,8633,8581
1260222,9906,8302
1260221,8302,8315
1260220,8560,8305
1260219,10281,7878
1260218,7878,8603
1260217,8558,8305
1260216,8305,9906
1260215,9864,10267
1260214,8394,8661
1260213,8560,8371
1260212,10267,10281
1260211,8581,9910
1260210,8371,8558
1260209,8560,9864
1260208,9910,8661
1260207,8634,8394
1260206,8315,8634
1260205,9783,8581
1260204,8603,9783
1260203,8633,8315
1260202,9906,8633
1260201,8302,8603
1260200,7878,9906
1260199,9910,8634
1260198,8661,9783
1260197,8305,10281
1260196,8394,8633
1260195,10267,8558
1260194,8371,9864
1260193,8560,8370
1260192,10281,8302
1260191,8581,8302
1260190,8558,7878
1260189,8315,7878
1260188,9864,8305
1260187,8603,8305
1260186,8560,10267
1260185,9906,10267
1260184,10281,8371
1260183,8370,8371
1260182,8370,9910
1260181,8558,8560
1260180,8661,8634
1260179,8370,9864
1260178,8394,9783
1260177,8581,8633
1260176,8315,8302
1260175,8634,8370
1260174,8603,7878
1260173,9783,9910
1260172,9906,8305
1260171,8661,8370
1260170,8633,8661
1260169,10281,10267
1260168,8302,8394
1260167,9910,8394
1260166,8558,8371
1260165,8634,8581
1260164,7878,8581
1260163,9864,8560
1260162,9783,8315
1260161,8305,8315
1260160,8633,8603
1260159,10267,8603
1260158,8302,9906
1260157,8371,10267
1260156,8371,9906
1260155,7878,10281
1260154,8560,10281
1260153,8305,8558
1260152,10267,9864
1260151,8634,9910
1260150,9783,8661
1260149,8371,8560
1260148,9864,8558
1260147,8633,8394
1260146,8634,9783
1260145,8302,8581
1260144,9910,8633
1260143,7878,8315
1260142,8661,8302
1260141,8305,8603
1260140,8661,9910
1260139,10267,9906
1260138,8394,7878
1260137,8581,8305
1260136,8394,8634
1260135,8371,10281
1260134,8581,9783
1260133,8560,8558
1260132,8315,10267
1260131,8315,8633
1260130,9864,8370
1260129,8603,8371
1260128,9906,8560
1260127,10281,9864
1260126,8370,8558
1260125,8603,8302
1260124,8370,8634
1260123,9910,9783
1260122,9906,7878
1260121,8661,8633
1260120,9783,8370
1260119,10281,8305
1260118,8394,8302
1260117,8558,10267
1260116,8581,7878
1260115,9864,8371
1260114,8315,8305
1260113,9910,8558
1260112,8633,8634
1260111,8603,10267
1260110,8302,9910
1260109,8370,8560
1260108,9906,8371
1260107,7878,8661
1260106,10281,8560
1260105,8558,9864
1260104,8305,8394
1260103,10267,8581
1260102,8371,8315
1260101,8560,8603
1260100,9864,9906
1260099,8558,10281
1260098,9783,8634
1260097,8633,9910
1260096,8302,8661
1260095,7878,8394
1260094,8305,8581
1260092,10267,8315
1260091,8371,8603
1260090,8560,9906
1260089,9864,10281
1260088,9783,8633
1260087,8558,8370
1260086,8634,8302
1260085,9910,7878
1260084,8661,8305
1260083,8394,10267
1260082,8370,9783
1260081,8581,8371
1260080,8634,8633
1260079,8315,8560
1260078,9910,8302
1260077,8603,9864
1260076,8661,7878
1260075,9906,8558
1260074,8394,8305
1260073,8581,10267
1260072,8370,10281
1260071,8315,8371
1260070,8603,8560
1260069,9906,9864
1260068,10281,8558
1260067,8633,8370
1260066,8302,9783
1260065,7878,8634
1260064,8305,9910
1260063,8633,9783
1260062,10267,8661
1260061,8302,8634
1260060,8371,8394
1260059,7878,9910
1260058,8560,8581
1260057,8305,8661
1260056,10267,8394
1260055,9864,8315
1260054,8371,8581
1260053,8558,8603
1260052,8560,8315
1260051,10281,9906
1260050,9864,8603
1260049,8558,9906
1260048,8633,8302
1260047,10281,8370
1260046,9783,7878
1260045,8634,8305
1260044,8370,8633
1260043,9910,10267
1260042,9783,8302
1260041,8661,8371
1260040,8634,7878
1260039,8394,8560
1260038,9910,8305
1260037,8581,9864
1260036,8661,10267
1260035,8315,8558
1260034,8603,10281
1260033,8394,8371
1260032,8370,9906
1260031,8581,8560
1260030,8315,9864
1260029,8603,8558
1260028,9906,10281
1260027,8302,8370
1260026,7878,8633
1260025,8305,9783
1260024,10267,8634
1260023,8371,9910
1260022,8302,8633
1260021,7878,9783
1260020,8305,8634
1260019,8560,8661
1260018,10267,9910
1260017,9864,8394
1260016,8371,8661
1260015,8558,8581
1260014,10281,8315
1260013,8560,8394
1260012,9906,8603
1260011,9864,8581
1260010,8558,8315
1260009,10281,8603
1260008,9906,8370
1260007,8302,7878
1260006,8370,8302
1260005,8633,8305
1260004,8633,7878
1260003,9783,10267
1260002,9783,8305
1260001,8634,10267
1260000,9910,8371
1259999,8634,8371
1259998,8661,8560
1259997,8394,9864
1259996,9910,8560
1259995,8581,8558
1259994,8315,10281
1259993,8661,9864
1259991,8603,9906
1259990,8394,8558
1259989,8581,10281
1259988,8315,9906
1259987,8370,8603
1259986,7878,8302
1259985,8305,8633
1259984,10267,9783
1259983,7878,8370
1259982,8305,8302
1259981,10267,8633
1259980,8371,8634
1259979,8371,9783
1259978,8560,9910
1259977,9864,8661
1259976,8560,8634
1259975,8558,8394
1259974,9864,9910
1259973,10281,8581
1259972,9906,8315
1259971,8558,8661
1259970,10281,8394
1259969,9906,8581
1259968,8603,8315
1259967,8603,8370
1259400,9783,8371
1259389,8370,7878
1259383,8661,8558
1259372,9910,9864
1259371,8394,10281
1259365,8581,9906
1259354,8302,8305
1259353,8634,8560
1259332,8633,10267
1259321,8315,8603
1052028,8696,8394
1052027,8560,8371
1052026,10205,10267
1052025,9864,9906
1052024,8603,9869
1052023,8558,8634
1052022,8370,8302
1052021,8633,7878
1052020,8581,8661
1052019,8305,8315
1052018,8370,7878
1052017,9864,9869
1052016,8633,8661
1052015,8696,8371
1052014,8603,8634
1052013,8581,8315
1052012,8560,10267
1052011,8558,8302
1052010,8305,8394
1052009,10205,9906
1052008,7878,8633
1052007,9869,8603
1052006,8661,8581
1052005,8371,8560
1052004,8634,8558
1052003,8315,8305
1052002,10267,10205
1052001,8302,8370
1052000,8394,8696
1051999,9906,9864
1051998,8633,8302
1051997,8603,9906
1051996,8581,7878
1051995,8560,8696
1051994,8558,9869
1051993,8305,8661
1051992,10205,8371
1051991,8370,8634
1051990,8394,8315
1051989,9864,10267
1051988,8302,8581
1051987,9906,8558
1051986,7878,8305
1051985,8560,10205
1051984,9869,8370
1051983,8661,8394
1051982,8371,9864
1051981,8634,8633
1051980,8696,8315
1051979,10267,8603
1051978,8581,8634
1051977,8558,10267
1051976,8305,8302
1051975,10205,8696
1051974,8370,9906
1051973,8394,7878
1051972,9864,8560
1051971,8633,9869
1051970,8315,8661
1051969,8603,8371
1051968,8634,8305
1051967,10267,8370
1051966,8302,8394
1051965,10205,9864
1051964,9906,8633
1051963,7878,8315
1051962,8560,8603
1051961,9869,8581
1051960,8696,8661
1051959,8371,8558
1051958,8661,7878
1051957,8558,8560
1051956,8305,9869
1051955,8370,8371
1051954,8394,8634
1051953,9864,8696
1051952,8633,10267
1051951,8315,8302
1051950,8603,10205
1051949,8581,9906
1051948,9869,8394
1051947,8371,8633
1051946,8634,8315
1051945,9864,8603
1051944,10267,8581
1051943,8302,8661
1051942,10205,8558
1051941,9906,8305
1051940,8696,7878
1051939,8560,8370
1051938,8661,8634
1051937,8558,9864
1051936,8305,10267
1051935,7878,8302
1051934,8370,10205
1051933,8394,9906
1051932,8633,8560
1051931,8315,9869
1051930,8603,8696
1051929,8581,8371
1051928,8634,7878
1051927,9864,8370
1051926,10267,8394
1051925,8696,8302
1051924,10205,8633
1051923,9906,8315
1051922,8560,8581
1051921,9869,8661
1051920,8603,8558
1051919,8371,8305
1051918,7878,9869
1051917,8370,8603
1051916,8394,8371
1051915,8302,8634
1051914,8633,9864
1051913,8315,10267
1051912,8581,10205
1051911,8661,9906
1051910,8558,8696
1051909,8305,8560
1051908,8696,8634
1051907,10267,8661
1051906,8558,8370
1051905,10205,8305
1051904,9906,7878
1051903,8603,8633
1051902,8560,8394
1051901,9869,8302
1051900,9864,8581
1051899,8371,8315
1051898,8302,9906
1051897,8633,8558
1051896,8315,8560
1051895,8634,9869
1051894,8581,8603
1051893,8661,8371
1051892,8305,9864
1051891,7878,10267
1051890,8370,8696
1051889,8394,10205
1051888,8371,7878
1051887,9864,8394
1051886,10267,8302
1051885,8370,8633
1051884,10205,8315
1051883,9906,8634
1051882,8558,8581
1051881,8560,8661
1051880,8696,9869
1051879,8603,8305
1051878,8634,10267
1051877,8581,8370
1051876,8661,10205
1051875,9869,9906
1051874,8305,8558
1051873,7878,8560
1051872,8394,8603
1051871,8302,8371
1051870,8633,8696
1051869,8315,9864
1051868,10267,9869
1051867,8370,8305
1051866,10205,7878
1051865,8696,9906
1051864,8558,8394
1051863,8560,8302
1051862,8603,8315
1051861,8371,8634
1051860,8633,8581
1051859,9864,8661
1051858,8302,10205
1051857,8315,8558
1051856,8634,8560
1051855,8581,8696
1051854,8661,8603
1051853,9869,8371
1051852,8305,8633
1051851,7878,9864
1051850,9906,10267
1051849,8394,8370
1051848,10205,8634
1051847,8558,8661
1051846,8560,9869
1051845,8581,8305
1051844,8603,7878
1051843,8371,9906
1051842,8633,8394
1051841,9864,8302
1051840,8696,10267
1051839,8370,8315
1051838,9869,10205
1051837,8305,8696
1051836,8634,9864
1051835,8661,8370
1051834,10267,8371
1051833,8315,8633
1051832,8394,8581
1051831,8302,8603
1051830,9906,8560
1051829,7878,8558
1051828,8315,8581
1051827,10267,8560
1051826,8302,8558
1051825,8394,8305
1051824,9906,10205
1051823,7878,8370
1051822,9869,9864
1051821,8661,8633
1051820,8371,8696
1051819,8634,8603
1051818,8661,8305
1051817,8371,10205
1051816,8634,8370
1051815,8315,8394
1051814,10267,9864
1051813,8302,8633
1051812,9906,8603
1051811,7878,8581
1051810,8696,8560
1051809,9869,8558
1051808,8633,8634
1051807,8315,8696
1051806,8603,10267
1051805,8581,8302
1051804,8558,9906
1051803,8305,7878
1051802,10205,8560
1051801,8370,9869
1051800,8394,8661
1051799,9864,8371
1051798,7878,8394
1051797,8560,9864
1051796,9869,8633
1051795,8661,8315
1051794,8371,8603
1051793,8634,8581
1051792,10267,8558
1051791,8302,8305
1051790,8696,10205
1051789,9906,8370
1051788,8305,8634
1051787,8370,10267
1051786,8394,8302
1051785,9864,10205
1051784,8633,9906
1051783,8315,7878
1051782,8603,8560
1051781,8581,9869
1051780,8661,8696
1051779,8558,8371
1051778,9869,8305
1051777,8371,8370
1051776,8634,8394
1051775,8696,9864
1051774,10267,8633
1051773,8302,8315
1051772,10205,8603
1051771,9906,8581
1051770,7878,8661
1051769,8560,8558
1051768,8394,9869
1051767,8633,8371
1051766,8315,8634
1051765,8603,9864
1051764,8581,10267
1051763,8661,8302
1051762,8558,10205
1051761,8305,9906
1051760,7878,8696
1051759,8370,8560
1051758,8634,8661
1051757,9864,8558
1051756,10267,8305
1051755,8302,7878
1051754,10205,8370
1051753,9906,8394
1051752,8560,8633
1051751,9869,8315
1051750,8696,8603
1051749,8371,8581
1051748,7878,8634
1051747,8370,9864
1051746,8394,10267
1051745,8302,8696
1051744,8633,10205
1051743,8315,9906
1051742,8581,8560
1051741,8661,9869
1051740,8558,8603
1051739,8305,8371
1051738,9869,7878
1051737,8603,8370
1051736,8371,8394
1051735,8634,8302
1051734,9864,8633
1051733,10267,8315
1051732,10205,8581
1051731,9906,8661
1051730,8696,8558
1051729,8560,8305
1051728,8633,8603
1051727,8394,8560
1051726,8302,9869
1051725,8581,9864
1051724,8315,8371
1051723,8634,8696
1051722,8661,10267
1051721,8370,8558
1051720,8305,10205
1051719,7878,9906
1051718,9906,8302
1051717,8558,8633
1051716,8560,8315
1051715,9869,8634
1051714,8603,8581
1051713,8371,8661
1051712,9864,8305
1051711,10267,7878
1051710,8696,8370
1051709,10205,8394
1051708,8634,9906
1051707,8581,8558
1051706,8661,8560
1051705,9869,8696
1051704,8305,8603
1051703,7878,8371
1051702,8394,9864
1051701,8302,10267
1051700,8633,8370
1051699,8315,10205
1051698,10267,8634
1051697,8370,8581
1051696,10205,8661
1051695,9906,9869
1051694,8558,8305
1051693,8560,7878
1051692,8603,8394
1051691,8371,8302
1051690,8696,8633
1051689,9864,8315
1051688,8302,8560
1051687,8315,8603
1051686,8634,8371
1051685,8581,8633
1051684,8661,9864
1051683,9869,10267
1051682,8305,8370
1051681,7878,10205
1051680,9906,8696
1051679,8394,8558
1051678,8696,8581
1051677,8633,8305
1051676,8370,8394
1051675,8558,8315
1051674,8603,8661
1051673,9864,7878
1051672,10205,8302
1051671,8560,8634
1051670,8371,9869
1051669,10267,9906
1051623,8305,8581
1051622,8394,8633
1051621,8315,8370
1051620,8661,8558
1051619,7878,8603
1051618,8302,9864
1051617,8634,10205
1051616,9869,8560
1051613,9906,8371
1051612,10267,8696
1051471,8370,8661
1051469,8581,8394
1051468,8558,7878
1051466,8696,8305
1051464,8371,10267
1051463,8603,8302
1051462,10205,9869
1051460,9864,8634
1051459,8633,8315
1051458,8560,9906
876014,8696,8661
876012,9864,10278
876010,9783,9906
876008,8581,9869
876006,8558,8315
876005,8560,8634
876004,8371,10267
876003,8633,8394
876002,9865,8302
876001,10205,8305
876000,8696,9864
875999,10278,9783
875997,9906,8581
875995,9869,8558
875992,8315,8560
875990,8634,8371
875988,10267,8633
875987,8394,9865
875985,8302,10205
875982,8661,8305
875979,9864,8661
875977,9783,8696
875976,8581,10278
875975,8558,9906
875973,8560,9869
875971,8371,8315
875970,8633,8634
875968,9865,10267
875966,10205,8394
875963,8305,8302
875961,9864,9783
875959,8696,8581
875957,10278,8558
875955,9906,8560
875953,9869,8371
875952,8315,8633
875950,8634,9865
875949,10267,10205
875947,8394,8305
875946,8661,8302
875939,8560,8661
875937,8371,8558
875935,8633,8581
875933,9865,9783
875932,10205,9864
875931,8305,8696
875929,8302,10278
875928,9783,8661
875925,8394,9906
875923,8581,9864
875922,8558,8696
875921,10267,9869
875919,8634,8315
875918,8560,10278
875916,8371,9906
875915,8560,8371
875914,8558,8633
875912,8633,9869
875911,8581,9865
875909,9865,8315
875908,9783,10205
875906,9864,8305
875904,8696,8302
875903,10278,8394
875902,10205,8634
875900,9906,10267
875898,8305,10267
875897,9869,8634
875896,8302,8394
875895,8661,8315
875893,8371,8661
875892,9783,8581
875891,8633,8560
875890,9864,8558
875888,9865,8558
875887,8696,8560
875885,10205,8581
875884,10278,8371
875883,8305,9783
875881,8302,9864
875880,9906,8633
875878,8394,8696
875877,9869,9865
875876,10267,10278
875874,8315,10205
875873,8634,9906
875871,8315,9869
875868,8634,8305
875866,8371,8633
875864,10267,8302
875863,8560,9865
875862,8661,8394
875861,8558,10205
875860,8581,8305
875859,8558,9783
875858,9783,8302
875857,9864,8394
875855,8696,10267
875853,10278,8634
875852,9906,8315
875851,8581,8661
875847,8661,9869
875846,8560,9864
875844,8371,8696
875842,8633,8661
875841,9865,8371
875840,8633,10278
875838,10205,8560
875836,8305,8558
875835,9865,9906
875833,8302,8581
875832,8305,8315
875830,8394,9783
875829,8302,8634
875828,10267,9864
875826,8634,8696
875824,8315,10278
875823,8394,10267
875821,9869,9906
875820,9906,8661
875819,9869,10278
875818,8315,8696
875817,8634,9864
875816,10267,9783
875815,10205,9869
875814,8394,8581
875813,8302,8558
875812,8305,8560
875810,10205,8371
875809,9865,8633
875798,10278,9906
875797,8696,9869
875796,9864,8315
875795,9783,8634
875794,8581,10267
875793,8581,8558
875792,9783,8560
875791,8558,8394
875789,9864,8371
875788,8560,8302
875787,8371,8305
875786,8696,8633
875785,8633,10205
875783,10278,9865
875782,8661,9865
875781,9906,10205
875778,9869,8305
875776,8315,8302
875774,8634,8394
875772,8661,10267
875771,8661,10278
875769,9906,8696
875767,9869,9864
875765,8315,9783
875763,8634,8581
875762,10267,8558
875761,8394,8560
875760,8302,8371
875759,8305,8633
875758,10205,9865
875757,8558,8661
875756,8560,8581
875755,8371,9783
875754,8696,10278
875753,9864,9906
875752,8633,9864
875751,9783,9869
875750,9865,8696
875749,8581,8315
875748,8558,8634
875747,8560,10267
875746,10205,10278
875745,8371,8394
875744,8633,8302
875743,8305,9906
875742,9865,8305
875741,10205,8661
875740,8661,8696
875739,8302,9869
875738,10278,9864
875737,8394,8315
875736,9906,9783
875735,9869,8581
875734,10267,8634
875733,8315,8558
875732,8634,8560
875731,10267,8371
875730,8394,8633
875729,8302,9865
875728,8305,10205
875726,9864,8696
875725,9783,10278
875724,8558,8560
875723,8581,9906
875722,8558,9869
875721,8560,8315
875720,8581,8371
875719,8371,8634
875718,8633,10267
875717,9865,8394
875716,9783,8633
875715,10205,8302
875714,8305,8661
875713,9864,9865
875712,8696,10205
875711,8661,9864
875710,8696,9783
875709,10278,8581
875708,9906,8558
875707,9869,8560
875706,8315,8371
875705,10278,8305
875704,8634,8633
875703,10267,9865
875702,9906,8302
875701,8394,10205
875700,9869,8394
875699,8302,8305
875698,9783,9864
875697,8581,8696
875696,8558,10278
875695,8560,9906
875694,8371,9869
875693,8315,10267
875692,8633,8315
875691,9865,8634
875690,8661,8634
875689,10205,10267
875688,8305,8394
875687,8302,8661
875685,8661,9783
875684,9864,8581
875683,8696,8558
875682,10278,8560
875681,9906,8371
875680,9869,8633
875679,8315,9865
875678,8634,10205
875677,10267,8305
875676,8394,8302
875675,8581,9783
875674,8558,9864
875672,8560,8696
875670,8371,10278
875668,8633,9906
875666,9865,9869
875664,10205,8315
875663,8305,8634
875661,8302,10267
875658,8394,8661
875654,8661,8581
875652,9783,8558
875650,9864,8560
875649,8696,8371
875646,10278,8633
875645,9906,9865
875641,9869,10205
875638,8315,8305
875636,8634,8302
875635,10267,8394
875634,8558,8581
875633,8560,9783
875631,8371,9864
875628,8633,8696
875627,9865,10278
875625,10205,9906
875623,8305,9869
875620,8302,8315
875618,8394,8634
875616,10267,8661
875614,8661,8558
875613,8581,8560
875612,9783,8371
875611,9864,8633
875609,8696,9865
875607,10278,10205
875604,9906,8305
875602,9869,8302
875600,8315,8394
875599,8634,10267
875595,8560,8558
875594,8371,8581
875592,8633,9783
875591,9865,9864
875590,10205,8696
875589,8305,10278
875588,8302,9906
875587,8394,9869
875586,10267,8315
875583,8634,8661
875580,8661,8560
875578,8558,8371
875576,8581,8633
875574,9783,9865
875572,9864,10205
875570,8696,8305
875568,10278,8302
875567,9906,8394
875566,9869,10267
875565,8315,8634
875563,8371,8560
875562,8633,8558
875561,9865,8581
875560,10205,9783
875559,8305,9864
875558,8302,8696
875557,8394,10278
875556,10267,9906
875555,8634,9869
875554,8315,8661
875549,8661,8371
875547,8560,8633
875544,10278,8696
875542,9906,9864
875541,8558,9865
875539,9869,9783
875537,8315,8581
875536,8634,8558
875535,10267,8560
875534,8581,10205
875533,8394,8371
875532,9783,8305
875531,8302,8633
875530,9864,8302
875528,8305,9865
875526,8696,8394
875524,10278,10267
875522,8661,10205
875521,9906,8634
875520,9869,8315
875518,10278,8661
875517,8696,9906
875515,9864,9869
875513,8633,8371
875512,9783,8315
875510,9865,8560
875509,8581,8634
875507,8558,10267
875506,10205,8558
875504,8560,8394
875503,8305,8581
875502,8371,8302
875501,8633,8305
875500,8302,9783
875499,9865,10205
875498,8394,9864
875497,10267,8696
875496,8634,10278
875494,8315,9906
875491,9906,10278
875490,9869,8661
875487,9869,8696
875483,8315,9864
875482,8634,9783
875481,10267,8581
875480,8661,8633
875479,8394,8558
875478,8302,8560
875477,8371,9865
875476,8305,8371
875471,10205,8633
875468,9865,8661
875466,8560,10205
875464,8558,8305
875463,8581,8302
875462,9783,8394
875461,8661,9906
875460,10278,9869
875459,9864,10267
875458,8696,8634
875457,8696,8315
875456,9864,8634
875455,9783,10267
875453,8581,8394
875452,8558,8302
875451,10278,8315
875450,8560,8305
875449,8371,10205
875448,9906,9869
875447,8633,9865
685211,9864,8633
685210,8315,9783
685209,8661,8558
685208,8371,9868
685207,8394,10205
685205,10267,9867
685204,9865,8302
685202,8634,10281
685201,8696,9869
685200,9906,8305
685197,8633,8315
685195,9783,8661
685193,8558,8371
685191,9868,8394
685190,10205,10267
685189,9867,9865
685187,8302,8634
685185,10281,8696
685184,9869,9906
685182,8305,9864
685180,8315,9864
685179,8661,8633
685177,8371,9783
685175,8394,8558
685173,10267,9868
685171,9865,10205
685169,8634,9867
685168,8696,8302
685167,9906,10281
685166,8305,9869
685165,8315,8661
685164,8633,8371
685163,9783,8394
685162,8558,10267
685161,9868,9865
685160,10205,8634
685159,9867,8696
685158,8302,9906
685157,10281,8305
685156,9864,9869
685155,8661,9864
685154,8371,8315
685153,8394,8633
685152,10267,9783
685151,9865,8558
685150,8634,9868
685149,8696,10205
685148,9906,9867
685147,8305,8302
685146,9869,10281
685145,8661,8371
685143,8315,8394
685140,8633,10267
685138,9783,9865
685136,8558,8634
685133,9868,8696
685132,10205,9906
685130,9867,8305
685128,8302,9869
685126,9864,10281
685124,8371,9864
685123,8394,8661
685121,10267,8315
685119,9865,8633
685117,8634,9783
685116,8696,8558
685115,9906,9868
685113,8305,10205
685112,9869,9867
685110,10281,8302
685107,8371,8394
685106,8661,10267
685105,8315,9865
685104,8633,8634
685103,9783,8696
685102,8558,9906
685101,9868,8305
685100,10205,9869
685098,9867,10281
685097,9864,8302
685094,8394,9864
685093,10267,8371
685091,9865,8661
685090,8634,8315
685089,8696,8633
685087,9906,9783
685085,8305,8558
685083,9869,9868
685081,10281,10205
685080,8302,9867
685079,8394,10267
685077,8371,9865
685075,8661,8634
685074,8315,8696
685072,8633,9906
685070,9783,8305
685068,8558,9869
685066,9868,10281
685064,10205,8302
685063,9864,9867
685062,10267,9864
685061,9865,8394
685060,8634,8371
685059,8696,8661
685057,9906,8315
685055,8305,8633
685053,9869,9783
685051,10281,8558
685048,8302,9868
685045,9867,10205
685043,10267,9865
685042,8394,8634
685041,8371,8696
685039,8661,9906
685037,8315,8305
685036,8633,9869
685034,9783,10281
685032,8558,8302
685030,9868,9867
685028,9864,10205
685024,9865,9864
685023,8634,10267
685021,8696,8394
685018,9906,8371
685016,8305,8661
685015,9869,8315
685014,10281,8633
685012,8302,9783
685010,9867,8558
685008,10205,9868
685007,9865,8634
685006,10267,8696
685005,8394,9906
685004,8371,8305
685003,8661,9869
685002,8315,10281
684999,8633,8302
684994,9783,9867
684992,8558,10205
684990,9864,9868
684989,8634,9864
684987,8696,9865
684986,9906,10267
684984,8305,8394
684982,9869,8371
684980,10281,8661
684978,8302,8315
684976,9867,8633
684974,10205,9783
684972,9868,8558
684957,8634,8696
684956,9865,9906
684955,10267,8305
684953,8394,9869
684951,8371,10281
684949,8661,8302
684947,8315,9867
684945,8633,10205
684943,9783,9868
684941,9864,8558
684938,8696,9864
684936,9906,8634
684934,8305,9865
684933,9869,10267
684932,10281,8394
684930,8302,8371
684928,9867,8661
684926,10205,8315
684924,9868,8633
684923,8558,9783
684922,8696,9906
684921,8634,8305
684920,9865,9869
684919,10267,10281
684918,8394,8302
684916,8371,9867
684914,8661,10205
684909,8315,9868
684907,8633,8558
684906,9864,9783
684903,9906,9864
684901,8305,8696
684899,9869,8634
684897,10281,9865
684895,8302,10267
684893,9867,8394
684891,10205,8371
684889,9868,8661
684886,8558,8315
684885,9783,8633
684881,8633,9864
684880,9783,8315
684878,8558,8661
684877,9868,8371
684876,10205,8394
684875,9867,10267
684874,8302,9865
684873,10281,8634
684871,9869,8696
684870,8305,9906
684866,8315,8633
684864,8661,9783
684862,8371,8558
684860,8394,9868
684859,10267,10205
684858,9865,9867
684857,8634,8302
684855,8696,10281
684853,9906,9869
684850,9864,8305
684847,9864,8315
684844,8633,8661
684843,9783,8371
684841,8558,8394
684839,9868,10267
684837,10205,9865
684836,9867,8634
684835,8302,8696
684833,10281,9906
684832,9869,8305
684830,8661,8315
684828,8371,8633
684826,8394,9783
684824,10267,8558
684822,9865,9868
684821,8634,10205
684819,8696,9867
684817,9906,8302
684815,8305,10281
684813,9869,9864
684808,9864,8661
684807,8315,8371
684804,8633,8394
684801,9783,10267
684799,8558,9865
684797,9868,8634
684794,10205,8696
684793,9867,9906
684792,8302,8305
684791,10281,9869
684789,8371,8661
684788,8394,8315
684787,10267,8633
684786,9865,9783
684785,8634,8558
684784,8696,9868
684783,9906,10205
684782,8305,9867
684781,9869,8302
684780,10281,9864
684779,9864,8371
684778,8661,8394
684777,8315,10267
684776,8633,9865
684775,9783,8634
684774,8558,8696
684773,9868,9906
684772,10205,8305
684771,9867,9869
684770,8302,10281
684769,8394,8371
684768,10267,8661
684767,9865,8315
684766,8634,8633
684765,8696,9783
684764,9906,8558
684763,8305,9868
684762,9869,10205
684761,10281,9867
684760,8302,9864
684759,9864,8394
684758,8371,10267
684757,8661,9865
684756,8315,8634
684755,8633,8696
684754,9783,9906
684753,8558,8305
684750,9868,9869
684748,10205,10281
684746,9867,8302
684743,10267,8394
684742,9865,8371
684736,8634,8661
684735,8696,8315
684734,9906,8633
684730,8305,9783
684729,9869,8558
684726,10281,9868
684725,8302,10205
684723,9867,9864
684719,9864,10267
684717,8394,9865
684716,8371,8634
684715,8661,8696
684714,8315,9906
684713,8633,8305
684712,9783,9869
684711,8558,10281
684710,9868,8302
684709,10205,9867
684708,9865,10267
684707,8634,8394
684706,8696,8371
684705,9906,8661
684704,8305,8315
684699,9869,8633
684697,10281,9783
684696,8302,8558
684694,9867,9868
684693,10205,9864
684690,9864,9865
684689,10267,8634
684688,8394,8696
684686,8371,9906
684684,8661,8305
684682,8315,9869
684681,8633,10281
684680,9783,8302
684679,8558,9867
684677,9868,10205
684674,8634,9865
684672,8696,10267
684671,9906,8394
684668,8305,8371
684666,9869,8661
684665,10281,8315
684663,8302,8633
684661,9867,9783
684660,10205,8558
684658,9868,9864
684656,9864,8634
684655,9865,8696
684654,10267,9906
684653,8394,8305
684652,8371,9869
684651,8661,10281
684649,8315,8302
684648,8633,9867
684639,9783,10205
684637,8558,9868
684635,8696,8634
684634,9906,9865
684632,8305,10267
684631,9869,8394
684629,10281,8371
684628,8302,8661
684626,9867,8315
684625,10205,8633
684624,9868,9783
684622,8558,9864
684621,9864,8696
684620,8634,9906
684618,9865,8305
684617,10267,9869
684616,8394,10281
684614,8371,8302
684612,8661,9867
684611,8315,10205
684609,8633,9868
684608,9783,8558
684607,9906,8696
684605,8305,8634
684604,9869,9865
684602,10281,10267
684601,8302,8394
684600,9867,8371
684599,10205,8661
684598,9868,8315
684596,8558,8633
684595,9783,9864
684594,9864,9906
684593,8696,8305
684592,8634,9869
684591,9865,10281
684590,10267,8302
684589,8394,9867
684588,8371,10205
684587,8661,9868
684586,8315,8558
684585,8633,9783
530684,8603,10281
530683,8661,10205
530682,8371,8633
530681,9783,8634
530680,8388,8302
530679,8696,8305
530677,9869,8479
530676,8558,9864
530675,9906,9865
530674,10267,8315
530673,8315,9906
530672,10205,10267
530671,8633,8661
530670,8634,8371
530669,8305,8388
530668,8479,8696
530667,10281,9869
530666,9864,8603
530665,9865,8558
530664,8302,9783
530663,8371,8302
530662,10205,8633
530661,9783,8305
530660,8388,8479
530659,8696,10281
530658,8661,8634
530657,8603,9865
530656,8558,8315
530655,9906,10267
530654,9869,9864
530653,10267,8633
530652,8634,10205
530651,9906,8558
530650,8315,8603
530649,9865,9869
530648,9864,8696
530647,10281,8388
530646,8479,9783
530645,8302,8661
530644,8305,8371
530643,8371,8479
530642,8661,8305
530641,10205,8302
530640,8633,8634
530639,9783,10281
530638,8388,9864
530637,8696,9865
530636,9869,8315
530635,8603,9906
530634,8558,10267
530633,8558,8603
530632,9906,9869
530631,8315,8696
530630,9865,8388
530629,9864,9783
530628,10267,8634
530627,8302,8633
530626,8305,10205
530625,8479,8661
530624,10281,8371
530623,8661,10281
530622,8634,8302
530621,8633,8305
530620,8371,9864
530619,10205,8479
530618,9783,9865
530617,8388,8315
530616,8696,9906
530615,8603,10267
530614,9869,8558
530613,9906,8388
530612,10281,10205
530611,8479,8633
530610,8305,8634
530609,10267,8302
530608,9864,8661
530607,9865,8371
530606,8315,9783
530605,8558,8696
530604,8603,9869
530603,8302,8305
530602,8634,8479
530601,8633,10281
530600,10205,9864
530599,8661,9865
530598,8371,8315
530597,9783,9906
530596,9869,10267
530595,8696,8603
530594,8388,8558
530593,8479,8302
530592,8315,8661
530591,10281,8634
530590,9864,8633
530589,9865,10205
530588,10267,8305
530587,8558,9783
530586,8603,8388
530585,9869,8696
530584,9906,8371
530583,8633,9865
530582,10205,8315
530581,8661,9906
530580,8634,9864
530579,8371,8558
530578,9783,8603
530577,8388,9869
530576,8305,8479
530575,8302,10281
530574,8696,10267
530573,8696,8388
530572,8315,8633
530571,10267,8479
530570,10281,8305
530569,9864,8302
530568,9865,8634
530567,9906,10205
530566,8558,8661
530565,8603,8371
530564,9869,9783
530563,9783,8696
530562,8479,10281
530561,8305,9864
530560,8302,9865
530559,8634,8315
530558,8633,9906
530557,10205,8558
530556,8661,8603
530555,8371,9869
530554,8388,10267
530553,10267,10281
530552,8388,9783
530551,8696,8371
530550,9869,8661
530549,8603,10205
530548,8558,8633
530547,9906,8634
530546,8315,8302
530545,9865,8305
530503,9864,8479
530502,8302,9906
530501,10281,9864
530500,8479,9865
530499,8633,8603
530498,10205,9869
530497,8661,8696
530496,8371,8388
530495,9783,10267
530494,8305,8315
530493,8634,8558
530492,9783,8371
530491,8388,8661
530490,8696,10205
530489,8558,8302
530488,9906,8305
530487,9865,10281
530486,10267,9864
530485,9869,8633
530484,8315,8479
530483,8603,8634
530482,8371,10267
530481,9864,9865
530480,10281,8315
530479,8479,9906
530478,8305,8558
530477,8302,8603
530476,8634,9869
530475,8633,8696
530474,10205,8388
530473,8661,9783
530472,10267,9865
530471,8315,9864
530470,9906,10281
530469,8558,8479
530468,8603,8305
530467,9869,8302
530466,8371,8661
530465,9783,10205
530464,8388,8633
530463,8696,8634
530462,9865,8315
530461,9864,9906
530460,10281,8558
530459,8479,8603
530458,8305,9869
530457,8302,8696
530456,8661,10267
530455,10205,8371
530454,8633,9783
530453,8634,8388
530452,10205,8661
530451,8633,8371
530450,8634,9783
530449,8302,8388
530448,8305,8696
530447,8479,9869
530446,10281,8603
530445,9864,8558
530444,9865,9906
530383,8315,10267
530382,9783,8302
530381,10267,10205
530380,8661,8633
530379,8371,8634
530378,8388,8305
530377,8696,8479
530376,8558,9865
530375,9906,8315
530374,8603,9864
530373,9869,10281
530372,9865,8603
530371,8315,8558
530370,10267,9906
530369,8633,10205
530368,8634,8661
530367,8302,8371
530366,8479,8388
530365,10281,8696
530364,9864,9869
530363,8305,9783
530362,8371,8305
530361,8388,10281
530360,8558,9906
530359,8633,10267
530358,10205,8634
530357,8661,8302
530356,9783,8479
530355,8696,9864
530354,9869,9865
530353,8603,8315
530352,9864,8388
530351,10267,8558
530350,8302,10205
530349,8305,8661
530348,8479,8371
530347,10281,9783
530346,9865,8696
530345,9906,8603
530344,8315,9869
530343,8634,8633
530342,9869,9906
530341,8633,8302
530340,8603,8558
530339,8696,8315
530338,8388,9865
530337,8634,10267
530336,10205,8305
530335,8661,8479
530334,8371,10281
530333,9783,9864
530332,8315,8388
530331,8305,8633
530330,9864,8371
530329,8302,8634
530328,10281,8661
530327,10267,8603
530326,9906,8696
530325,8558,9869
530324,8479,10205
530263,9865,9783
530262,9869,8603
530261,8388,9906
530260,8633,8479
530259,8661,9864
530258,9783,8315
530257,8371,9865
530256,8302,10267
530255,8634,8305
530254,10205,10281
530253,8696,8558
530252,8479,8634
530251,8305,8302
530250,10281,8633
530249,9864,10205
530248,9865,8661
530247,8315,8371
530246,9906,9783
530245,8558,8388
530244,10267,9869
530243,8603,8696
530242,8661,8315
530241,8305,10267
530240,8634,10281
530239,8633,9864
530238,10205,9865
530237,8371,9906
530236,9783,8558
530235,8388,8603
530234,8696,9869
530233,8302,8479
530232,10267,8696
530231,9906,8661
530230,9865,8633
530229,8558,8371
530228,8603,9783
530227,9869,8388
530226,8479,8305
530225,10281,8302
530224,9864,8634
530223,8315,10205
530222,8305,10281
530221,8479,10267
530220,8388,8696
530219,8634,9865
530218,8633,8315
530217,10205,9906
530216,8661,8558
530215,8371,8603
530214,9783,9869
530213,8302,9864
530212,9864,8305
530211,9865,8302
530210,8315,8634
530209,10281,8479
530208,8558,10205
530207,10267,8388
530206,8696,9783
530205,9906,8633
530204,9869,8371
530143,8603,8661
530142,8479,9864
530141,8302,8315
530140,10281,10267
530139,10205,8603
530138,8305,9865
530137,8661,9869
530136,8371,8696
530135,9783,8388
530134,8633,8558
530133,8634,9906
530132,9864,10281
530131,9865,8479
530130,8315,8305
530129,9906,8302
530128,8558,8634
530127,8603,8633
530126,9869,10205
530125,8696,8661
530124,8388,8371
530123,10267,9783
530122,9864,10267
530121,10281,9865
530120,8479,8315
530119,8305,9906
530118,8302,8558
530117,8634,8603
530116,8633,9869
530115,10205,8696
530114,8661,8388
530113,8371,9783
530112,9906,8479
530111,8315,10281
530110,9865,9864
530109,8696,8633
530108,8558,8305
530107,8603,8302
530106,10267,8371
530105,9783,8661
530104,8388,10205
530103,9869,8634
530102,8661,8371
530101,9865,10267
530100,9864,8315
530099,10281,9906
530098,8479,8558
530097,8305,8603
530096,8302,9869
530095,8634,8696
530094,8633,8388
530093,10205,9783
530092,9906,9864
530091,8315,9865
530090,8558,10281
530089,8603,8479
530088,9869,8305
530087,8696,8302
530086,8388,8634
530085,9783,8633
530084,8371,10205
530023,10267,8661
