player_api_id,player_name,birthday,height,weight
261599,Adnane Tighadouini,1992-11-30 00:00:00,177.8,159
102572,Adrian Colunga,1984-11-17 00:00:00,172.72,154
482331,Adrian Embarba,1992-05-07 00:00:00,172.72,146
169756,Adrian,1987-01-31 00:00:00,187.96,170
33992,Adriano,1984-10-26 00:00:00,172.72,161
41168,Alberto Bueno,1988-03-20 00:00:00,177.8,141
543020,Alberto Guitian,1990-07-29 00:00:00,182.88,163
50047,Alexis Sanchez,1988-12-19 00:00:00,170.18,137
33025,Andoni Iraola,1982-06-22 00:00:00,182.88,163
40956,Andre Castro,1988-04-02 00:00:00,180.34,165
361770,Andre Gomes,1993-07-30 00:00:00,187.96,185
57057,Andres Lamas,1984-01-16 00:00:00,187.96,179
38573,Angel Lafita,1984-08-07 00:00:00,187.96,161
71619,Anthony Annan,1986-07-21 00:00:00,175.26,141
11736,Antolin Alcaraz,1982-07-30 00:00:00,187.96,176
40648,Antonio Adan,1987-05-13 00:00:00,190.5,203
41542,Antonio Floro Flores,1983-06-18 00:00:00,182.88,172
37433,Antonio Guayre,1980-04-23 00:00:00,175.26,157
517294,Antonio Marin Molina,1996-06-17 00:00:00,177.8,165
39792,Arda Turan,1987-01-30 00:00:00,177.8,168
38842,Arthur Boka,1983-04-02 00:00:00,165.1,143
102002,Asier Goiria,1980-09-19 00:00:00,182.88,170
72623,Augusto Fernandez,1986-04-10 00:00:00,177.8,157
411617,Aymeric Laporte,1994-05-27 00:00:00,187.96,187
25551,Bartholomew Ogbeche,1984-10-01 00:00:00,177.8,172
206830,Bartlomiej Pawlowski,1992-11-13 00:00:00,177.8,154
200917,Borja Baston,1992-08-25 00:00:00,190.5,181
38379,Braulio,1985-09-18 00:00:00,182.88,170
206679,Bryan Rabello,1994-05-16 00:00:00,165.1,141
358289,Carles Gil,1992-11-02 00:00:00,170.18,143
38887,Carlos Acuna,1988-06-23 00:00:00,177.8,157
33024,Carlos Gurpegi,1980-08-19 00:00:00,180.34,165
32675,Cata Diaz,1979-07-13 00:00:00,182.88,176
30613,Cesc Fabregas,1987-05-04 00:00:00,175.26,163
92375,Cezary Wilk,1986-02-12 00:00:00,182.88,168
74663,Chico,1987-03-06 00:00:00,187.96,165
242887,Christian Atsu,1992-01-10 00:00:00,172.72,150
37421,Claudio Bravo,1983-04-13 00:00:00,182.88,176
37473,Cosmin Contra,1975-12-15 00:00:00,180.34,163
113695,Cristian Alvarez,1985-11-13 00:00:00,185.42,194
102628,Cristian Bustos,1983-05-29 00:00:00,175.26,165
37445,Cristian Hidalgo,1983-09-21 00:00:00,170.18,146
33889,Cristian Portilla,1988-08-28 00:00:00,180.34,165
56867,Damian Escudero,1987-04-01 00:00:00,175.26,163
195335,Damian Suarez,1988-04-27 00:00:00,172.72,165
26345,Damien Perquis,1984-04-10 00:00:00,185.42,165
151058,Dani Benitez,1987-04-07 00:00:00,182.88,161
433311,Dani Garcia,1990-05-01 00:00:00,180.34,165
183348,Dani Hernandez,1985-10-21 00:00:00,195.58,196
33018,Daniel Aranzubia,1979-09-18 00:00:00,185.42,181
196126,Daniel Gimenez,1983-07-30 00:00:00,182.88,170
522576,Daniel Pinillos,1992-10-22 00:00:00,182.88,163
570432,Danilo,1996-02-28 00:00:00,182.88,163
33767,David Garcia,1981-01-16 00:00:00,177.8,165
33866,David Lopez,1982-09-10 00:00:00,180.34,165
193870,David Mateos,1987-04-22 00:00:00,190.5,181
38138,David Prieto,1983-01-02 00:00:00,185.42,174
2977,David Rivas Rodriguez,1978-12-02 00:00:00,190.5,187
358339,David Simon,1989-12-31 00:00:00,175.26,150
309537,Deivid,1989-01-27 00:00:00,187.96,161
684723,Diego Gonzalez,1995-01-28 00:00:00,182.88,190
167069,Diego Seoane Perez,1988-04-26 00:00:00,180.34,170
18384,Diego Valeri,1986-05-01 00:00:00,177.8,165
74757,Edu Albacar,1979-11-16 00:00:00,177.8,157
425595,Eduard Campabadal,1993-01-26 00:00:00,177.8,170
32995,Enrique de Lucas,1978-08-17 00:00:00,175.26,157
411616,Erik Moran,1991-05-25 00:00:00,187.96,165
18814,Fernando Gago,1986-04-10 00:00:00,177.8,154
30852,Fernando Meira,1978-06-05 00:00:00,190.5,187
34231,Fernando Morientes,1976-04-05 00:00:00,185.42,174
518664,Fran Serrano,1995-04-20 00:00:00,187.96,185
199839,Francisco Velez,1991-06-23 00:00:00,180.34,165
33989,Frederic Kanoute,1977-09-02 00:00:00,193.04,181
33635,Gabi,1983-07-10 00:00:00,180.34,163
150832,Gaizka Toquero,1984-08-09 00:00:00,182.88,172
19403,Galatto,1983-04-10 00:00:00,193.04,201
31921,Gareth Bale,1989-07-16 00:00:00,182.88,163
302912,Garry Mendes Rodrigues,1990-11-27 00:00:00,172.72,154
251925,Gerard Deulofeu,1994-03-13 00:00:00,177.8,161
41157,Giovani dos Santos,1989-05-11 00:00:00,175.26,163
22928,Glenn Loovens,1983-10-22 00:00:00,190.5,183
38458,Gonzalo Rodriguez,1984-04-10 00:00:00,182.88,174
39989,Gregory Coupet,1972-12-31 00:00:00,180.34,176
40139,Guilherme Siqueira,1986-04-28 00:00:00,182.88,168
40004,Hassan Yebda,1984-05-14 00:00:00,187.96,183
38241,Helder Barbosa,1987-05-25 00:00:00,172.72,148
184114,Heldon,1988-11-14 00:00:00,175.26,150
18501,Hernan Pellerano,1984-06-04 00:00:00,180.34,163
75194,Ivan Alonso,1979-04-10 00:00:00,180.34,172
150754,Jaime,1990-07-31 00:00:00,175.26,161
75216,Javier Del Pino,1980-07-10 00:00:00,177.8,146
573793,Javier Eraso,1990-03-22 00:00:00,180.34,157
299984,Javier Manquillo,1994-05-05 00:00:00,180.34,159
574662,Joan Jordan,1994-07-06 00:00:00,182.88,163
37441,Joan Verdu,1983-05-05 00:00:00,177.8,157
360918,Johny,1994-03-03 00:00:00,175.26,154
189101,Jonathan dos Santos,1990-04-04 00:00:00,172.72,150
33729,Jonathan Sesma,1978-11-14 00:00:00,175.26,143
37787,Joris Mathijsen,1980-04-05 00:00:00,182.88,159
162497,Jose Angel,1989-09-05 00:00:00,182.88,170
2768,Jose Dorado,1982-07-10 00:00:00,180.34,154
474589,Jose Gimenez,1995-01-20 00:00:00,185.42,176
359190,Jose Rodriguez,1994-12-16 00:00:00,180.34,150
38551,Joseba Llorente,1979-11-24 00:00:00,185.42,159
298940,Josip Radosevic,1994-04-03 00:00:00,180.34,163
38484,Juan Carlos,1987-07-27 00:00:00,182.88,168
39719,Juan Vargas,1983-10-05 00:00:00,180.34,170
38889,Juanma,1981-05-29 00:00:00,175.26,159
167623,Kiko,1988-08-21 00:00:00,187.96,174
36784,Klaas Jan Huntelaar,1983-08-12 00:00:00,185.42,183
184533,Koke,1992-01-08 00:00:00,177.8,163
359193,Lucas Vazquez,1991-07-01 00:00:00,172.72,152
183365,Luis Farina,1991-04-20 00:00:00,177.8,159
24852,Luis Garcia,1981-02-06 00:00:00,177.8,152
33022,Luis Prieto,1979-02-19 00:00:00,180.34,165
31097,Luka Modric,1985-09-09 00:00:00,175.26,143
629579,Mamadou Sylla,1994-03-20 00:00:00,182.88,176
37474,Manu del Moral,1984-02-25 00:00:00,185.42,170
213490,Manu Molina,1991-11-20 00:00:00,177.8,159
33756,Manuel Pablo,1976-01-25 00:00:00,175.26,176
268282,Manuel Trigueros,1991-10-17 00:00:00,177.8,154
41166,Marc Valiente,1987-03-29 00:00:00,182.88,157
157869,Marco Natanel Torsiglieri,1988-01-12 00:00:00,190.5,190
18520,Marcos Angeleri,1983-04-07 00:00:00,182.88,168
34103,Mariano Pernia,1977-05-04 00:00:00,177.8,179
102619,Mario Bermejo,1978-10-07 00:00:00,177.8,154
102622,Markel Bergara,1986-05-05 00:00:00,180.34,172
71353,Marko Marin,1989-03-13 00:00:00,170.18,141
68260,Marti Crespi,1987-06-15 00:00:00,180.34,157
30459,Martin Demichelis,1980-12-20 00:00:00,182.88,172
30744,Masoud Shojaei,1984-06-09 00:00:00,182.88,161
40001,Michael Ciani,1984-04-06 00:00:00,193.04,194
166111,Michel Herrero,1988-07-29 00:00:00,180.34,152
38886,Miguel Angel de las Cuevas,1986-06-19 00:00:00,175.26,152
690308,Miguel Munoz,1995-01-26 00:00:00,177.8,159
19327,Miranda,1984-09-07 00:00:00,185.42,168
39331,Modibo Diakite,1987-03-02 00:00:00,193.04,194
301809,Nabil Ghilas,1990-04-20 00:00:00,182.88,187
156556,Nelson Oliveira,1991-08-08 00:00:00,185.42,181
198217,Ognjen Vranjes,1989-10-24 00:00:00,182.88,163
26145,Olivier Thomert,1980-05-28 00:00:00,182.88,165
359191,Omar Mascarell,1993-02-02 00:00:00,180.34,165
21414,Oscar Trejo,1988-04-26 00:00:00,180.34,174
37447,Pablo Alvarez,1980-05-14 00:00:00,175.26,157
541558,Pablo Perez,1993-08-02 00:00:00,187.96,165
37654,Paco Montanes,1986-10-08 00:00:00,172.72,154
38824,Pascal Cygan,1974-04-29 00:00:00,193.04,187
36130,Patrick Ebert,1987-03-17 00:00:00,175.26,159
179404,Patrick Ekeng Ekeng,1990-03-26 00:00:00,180.34,154
25924,Paulo Assuncao,1980-01-25 00:00:00,172.72,154
150328,Piscu,1987-02-25 00:00:00,182.88,192
186748,Pizzi,1989-10-06 00:00:00,172.72,146
23779,Quincy Owusu-Abeyie,1986-04-15 00:00:00,180.34,165
22543,Radamel Falcao,1986-02-10 00:00:00,177.8,159
163830,Ramon Arcas,1991-01-25 00:00:00,177.8,157
30911,Ricardo Carvalho,1978-05-18 00:00:00,182.88,174
38751,Ricardo Oliveira,1980-05-06 00:00:00,182.88,183
39474,Robert Acquafresca,1987-09-11 00:00:00,182.88,170
34005,Roberto Fabian Ayala,1973-04-14 00:00:00,177.8,165
196188,Rodri,1990-06-06 00:00:00,175.26,163
292262,Roque Mesa,1989-06-07 00:00:00,167.64,141
282678,Ruben Pardo,1992-10-22 00:00:00,182.88,150
2805,Ruben Perez,1989-04-26 00:00:00,177.8,159
33639,Samuel Eto'o,1981-03-10 00:00:00,177.8,165
128870,Sandro Laurindo da Silva,1984-04-29 00:00:00,185.42,168
37436,Santi Cazorla,1984-12-13 00:00:00,167.64,146
309334,Saul Niguez,1994-11-21 00:00:00,180.34,154
37412,Sergio Aguero,1988-06-02 00:00:00,172.72,163
246201,Sergio Alvarez,1986-08-03 00:00:00,177.8,165
121872,Sidnei,1989-06-23 00:00:00,185.42,181
30663,Simao,1979-10-31 00:00:00,170.18,141
31318,Stefan Babovic,1987-01-07 00:00:00,180.34,170
196203,Stefan Mitrovic,1990-05-22 00:00:00,187.96,185
183548,Stefan Scepovic,1990-01-10 00:00:00,187.96,172
24137,Steve Finnan,1976-04-24 00:00:00,182.88,179
484906,Tana,1990-09-20 00:00:00,167.64,152
26005,Thomas Vermaelen,1985-11-14 00:00:00,182.88,176
434325,Thomas,1993-06-13 00:00:00,185.42,161
45204,Tommer Hemed,1987-05-02 00:00:00,185.42,176
74213,Toni Moral,1981-08-29 00:00:00,177.8,159
280890,Toni,1990-04-04 00:00:00,177.8,168
28284,Vadim Demidov,1986-10-10 00:00:00,185.42,176
32762,Vicente,1981-07-16 00:00:00,177.8,159
150872,Wakaso Mubarak,1990-07-25 00:00:00,170.18,159
41707,Weligton,1979-08-26 00:00:00,185.42,157
157859,Yohan Mollo,1989-07-18 00:00:00,175.26,174
35724,Zlatan Ibrahimovic,1981-10-03 00:00:00,195.58,209
167027,Abdelaziz Barrada,1989-06-19 00:00:00,177.8,161
29904,Abel Gomez,1982-02-20 00:00:00,182.88,165
165706,Abraham Gonzalez,1985-07-16 00:00:00,177.8,176
495841,Adalberto Penaranda,1997-05-31 00:00:00,182.88,172
73078,Adam Pinter,1988-06-12 00:00:00,190.5,185
171737,Adrien Goni,1988-08-25 00:00:00,172.72,146
34268,Alain Nef,1982-02-06 00:00:00,190.5,194
151079,Alejandro Bergantinos,1985-06-07 00:00:00,177.8,161
303484,Alejandro Galvez,1989-06-06 00:00:00,190.5,174
264293,Alex Martinez,1990-08-12 00:00:00,175.26,141
408994,Alex Portillo,1992-11-06 00:00:00,180.34,159
129918,Alfred Finnbogason,1989-02-01 00:00:00,185.42,172
213649,Alfredo Ortuno,1991-01-21 00:00:00,182.88,185
256727,Alhassane Bangoura,1992-03-30 00:00:00,175.26,159
210164,Alphonse Areola,1993-02-27 00:00:00,190.5,201
46211,Alvaro Anton,1983-12-28 00:00:00,177.8,154
114044,Alvaro Dominguez,1989-05-15 00:00:00,187.96,183
449492,Ander Capa,1992-05-14 00:00:00,172.72,154
74744,Andreu Mayoral,1983-06-17 00:00:00,177.8,148
105925,Angel Montoro,1988-06-25 00:00:00,180.34,163
184138,Antoine Griezmann,1991-03-21 00:00:00,175.26,148
30922,Arouna Kone,1983-11-11 00:00:00,182.88,179
34575,Asier del Horno,1981-01-19 00:00:00,182.88,154
192770,Aymen Abdennour,1989-08-06 00:00:00,187.96,185
33893,Ayoze Diaz Diaz,1982-05-25 00:00:00,175.26,154
75354,Ayoze Garcia Perez,1985-11-22 00:00:00,172.72,159
175305,Borja Garcia,1990-11-02 00:00:00,175.26,159
213823,Borja Gomez,1988-05-14 00:00:00,182.88,179
19372,Bruno China,1982-08-05 00:00:00,182.88,163
268273,Bruno Gonzalez,1990-05-24 00:00:00,185.42,190
213694,Carles Planas,1991-03-04 00:00:00,172.72,168
282471,Carlos Clerc,1992-02-21 00:00:00,180.34,159
30752,Carlos Marchena,1979-07-31 00:00:00,182.88,172
38136,Carlos Reina Aranda,1980-07-27 00:00:00,185.42,181
208494,Casemiro,1992-02-23 00:00:00,182.88,176
37440,Cesar Arzo,1986-01-21 00:00:00,182.88,176
38581,Corona,1981-02-12 00:00:00,175.26,152
282692,Cristian Portu,1992-05-21 00:00:00,177.8,154
26310,Cristian Rodriguez,1985-09-30 00:00:00,177.8,165
96615,Dady,1981-08-13 00:00:00,190.5,185
40957,Daniel Candeias,1988-02-25 00:00:00,177.8,172
33778,Daniel Guiza,1980-08-17 00:00:00,180.34,176
38468,David Fuster Torrijos,1982-02-03 00:00:00,177.8,157
30728,David Trezeguet,1977-10-15 00:00:00,190.5,176
42168,Diego Lugano,1980-11-02 00:00:00,187.96,185
201111,Diego Reyes,1992-09-19 00:00:00,187.96,163
37416,Diego Rivas,1980-04-27 00:00:00,180.34,176
242783,Diogo Figueiras,1991-07-01 00:00:00,167.64,141
37450,Duda,1980-06-27 00:00:00,175.26,157
369859,Eddy Israfilov,1992-08-02 00:00:00,190.5,176
150647,Edu Bedia,1989-03-23 00:00:00,182.88,163
30448,Edu,1978-05-15 00:00:00,187.96,176
47547,Emiliano Insua,1989-01-07 00:00:00,180.34,174
38536,Enaut Zubikarai,1984-02-26 00:00:00,185.42,185
41156,Esteban Granero,1987-07-02 00:00:00,180.34,165
33731,Esteban,1975-06-27 00:00:00,177.8,154
6911,Fabian Canobbio,1980-03-10 00:00:00,177.8,165
49836,Fabian Orellana,1986-01-27 00:00:00,170.18,154
40710,Fernando Cavenaghi,1983-09-21 00:00:00,177.8,179
33773,Ferran Corominas,1983-01-05 00:00:00,175.26,154
41167,Filipe Luis,1985-08-09 00:00:00,182.88,170
181203,Flavio Nunes Ferreira,1991-10-19 00:00:00,180.34,165
282713,Fran Rico,1987-08-03 00:00:00,177.8,159
37471,Francisco Javier Casquero,1976-03-11 00:00:00,180.34,168
37425,Francisco Maldonado,1981-06-02 00:00:00,177.8,161
193226,Francisco Portillo,1990-06-13 00:00:00,170.18,139
30891,Gabriel Milito,1980-09-07 00:00:00,177.8,172
177503,Gabriel Paulista,1990-11-22 00:00:00,187.96,159
49970,Gary Medel,1987-08-03 00:00:00,170.18,168
106600,Gaston Sangoy,1984-10-05 00:00:00,177.8,172
246438,Gerard Moreno,1992-04-07 00:00:00,177.8,165
213922,Gonzalo Castellani,1987-08-10 00:00:00,177.8,168
75196,Gregory Beranger,1981-08-30 00:00:00,172.72,163
33753,Gustavo Adolfo Munua,1978-01-27 00:00:00,187.96,192
75350,Hector Sanchez,1985-03-31 00:00:00,175.26,165
177496,Henrique Almeida,1991-05-27 00:00:00,177.8,170
88986,Hernan Perez,1989-02-25 00:00:00,180.34,170
317567,Hugo Fraile Martinez,1987-03-01 00:00:00,175.26,161
183462,Hugo Mallo,1991-06-22 00:00:00,172.72,152
161015,Iago Falque,1990-01-04 00:00:00,175.26,152
2770,Ignacio Gonzalez,1982-05-14 00:00:00,180.34,161
604105,Inaki Williams,1994-06-15 00:00:00,185.42,170
97234,Ivan Bolado,1989-07-03 00:00:00,180.34,165
150968,Ivan Obradovic,1988-07-25 00:00:00,180.34,174
33856,Ivan Ramis,1984-10-25 00:00:00,187.96,181
37657,Izidoro Gomez,1986-08-01 00:00:00,180.34,157
101982,Javi Flores,1986-02-09 00:00:00,170.18,150
41467,Javi Garcia,1987-02-08 00:00:00,185.42,176
186122,Javi Lopez,1988-04-20 00:00:00,177.8,150
241747,Javier Fernandez Annunziata,1987-08-31 00:00:00,177.8,146
2796,Javier Jimenez,1987-06-08 00:00:00,182.88,170
33775,Javier Paredes,1982-07-05 00:00:00,175.26,170
281085,Jese Rodriguez,1993-02-26 00:00:00,177.8,161
33843,Jesus Gamez,1985-04-10 00:00:00,182.88,170
33582,Jiri Jarosik,1977-10-27 00:00:00,195.58,196
167376,Joao Victor,1988-11-07 00:00:00,182.88,181
150739,Jordi Alba,1989-03-21 00:00:00,170.18,150
38427,Jordi Codina,1982-04-27 00:00:00,187.96,179
287353,Jorge Orti,1993-04-28 00:00:00,180.34,157
213502,Jose Campana,1993-05-31 00:00:00,177.8,163
391058,Jose Gaya,1995-05-25 00:00:00,172.72,141
33874,Jose Josetxo,1977-02-25 00:00:00,185.42,174
33732,Jose Manuel Pinto,1975-11-08 00:00:00,185.42,181
33884,Jose Moraton,1979-07-14 00:00:00,185.42,172
38575,Jose Movilla,1975-02-08 00:00:00,170.18,157
51545,Jose Salomon Rondon,1989-09-16 00:00:00,187.96,187
97257,Joseba Del Olmo,1981-06-20 00:00:00,172.72,143
215927,Juan Carlos,1990-03-30 00:00:00,177.8,159
97226,Juan Quero,1984-10-17 00:00:00,157.48,117
190452,Juan Rafael Fuentes,1990-01-05 00:00:00,177.8,154
37666,Juande,1986-06-12 00:00:00,182.88,165
103905,Juanfran,1988-09-11 00:00:00,177.8,159
30750,Juanito,1976-07-23 00:00:00,182.88,170
41255,Juanlu,1980-05-08 00:00:00,172.72,154
143841,Juanmi Callejon,1987-02-11 00:00:00,177.8,154
33758,Julian de Guzman,1981-03-25 00:00:00,170.18,150
213498,Julian Luque,1992-03-27 00:00:00,175.26,146
30990,Justo Villar,1977-06-30 00:00:00,180.34,187
30897,Kanga Akale,1981-03-07 00:00:00,177.8,152
184629,Khouma Babacar,1993-03-17 00:00:00,185.42,168
108809,Kike Sola,1986-02-25 00:00:00,182.88,176
46295,Lautaro Acosta,1988-03-14 00:00:00,170.18,148
30981,Lionel Messi,1987-06-24 00:00:00,170.18,159
40675,Lluis Sastre,1986-03-26 00:00:00,175.26,157
38151,Lolo,1984-08-22 00:00:00,182.88,159
27671,Luca Cigarini,1986-06-20 00:00:00,175.26,159
346004,Lucas Silva,1993-02-16 00:00:00,182.88,176
33867,Ludovic Delporte,1980-02-06 00:00:00,177.8,163
34106,Luis Fabiano,1980-11-08 00:00:00,185.42,187
293074,Luis Martins,1992-06-10 00:00:00,177.8,148
195305,Marc Bartra,1991-01-15 00:00:00,182.88,163
498033,Marco Asensio,1996-01-21 00:00:00,177.8,154
446266,Mario Pasalic,1995-02-09 00:00:00,185.42,172
27668,Matteo Contini,1980-04-16 00:00:00,182.88,183
27678,Maurizio Lanzaro,1982-03-14 00:00:00,182.88,176
34304,Maxwell,1981-08-27 00:00:00,175.26,161
75616,Mikel Arruabarrena,1983-02-09 00:00:00,187.96,176
678234,Mikel Oiarzabal,1997-04-21 00:00:00,177.8,170
262592,Moi Gomez,1994-06-23 00:00:00,175.26,143
37510,Momo,1982-07-15 00:00:00,180.34,154
43310,Nabil Baha,1981-08-12 00:00:00,180.34,174
406257,Nacho Martinez,1989-03-07 00:00:00,175.26,152
38507,Nano,1982-04-20 00:00:00,185.42,176
42310,Nasief Morris,1981-04-16 00:00:00,175.26,163
40775,Natxo Insa,1986-06-09 00:00:00,177.8,154
39711,Nery Castillo,1984-06-13 00:00:00,170.18,134
38385,Nicolas Pareja,1984-01-19 00:00:00,180.34,163
38567,Nikola Zigic,1980-09-25 00:00:00,203.2,212
70949,Nikos Karabelas,1984-12-20 00:00:00,180.34,154
46120,Nordin Amrabat,1987-03-31 00:00:00,177.8,170
31010,Omar Bravo,1980-03-04 00:00:00,175.26,170
13033,Orestis Karnezis,1985-07-11 00:00:00,190.5,174
30992,Oscar Ustari,1986-07-03 00:00:00,182.88,181
188531,Osmar Barba,1988-06-05 00:00:00,193.04,183
410656,Pablo Insua,1993-09-09 00:00:00,187.96,174
46384,Pablo Piatti,1989-03-31 00:00:00,162.56,139
33896,Pablo Pinillos,1974-07-09 00:00:00,175.26,157
150491,Pablo,1988-08-03 00:00:00,175.26,141
33609,Paco Pena,1978-07-25 00:00:00,170.18,141
36400,Patrick Mtiliga,1981-01-28 00:00:00,170.18,159
33870,Patxi Martinez Punal,1975-09-06 00:00:00,177.8,161
532942,Pau Sabata,1994-12-13 00:00:00,187.96,159
184536,Philippe Coutinho,1992-06-12 00:00:00,170.18,150
184623,Rafa Garcia,1986-01-14 00:00:00,187.96,185
362855,Ramon Azeez,1992-12-12 00:00:00,170.18,148
33898,Raul Bravo,1981-04-14 00:00:00,175.26,159
30914,Ricardo Costa,1981-05-16 00:00:00,182.88,176
198583,Richmond Boakye,1993-01-28 00:00:00,180.34,170
489245,Robert Ibanez,1993-03-22 00:00:00,170.18,148
26519,Said Boutahar,1982-08-12 00:00:00,172.72,150
42346,Sami Khedira,1987-04-04 00:00:00,187.96,198
562062,Samuel Castillejo,1995-01-18 00:00:00,177.8,134
428947,Santi Mina,1995-12-07 00:00:00,177.8,157
188540,Santiago Vergini,1988-08-03 00:00:00,190.5,183
282472,Sergi Darder,1993-12-22 00:00:00,180.34,154
190669,Sergio Ezequiel Araujo,1992-01-28 00:00:00,180.34,163
213483,Sergio Marcos,1992-02-03 00:00:00,177.8,161
37443,Sergio Rodri,1984-08-17 00:00:00,185.42,179
150081,Silvio,1987-09-28 00:00:00,177.8,159
38805,Stephan Andersen,1981-11-26 00:00:00,187.96,181
109621,Steven Nzonzi,1988-12-15 00:00:00,190.5,165
170323,Thibaut Courtois,1992-05-11 00:00:00,198.12,194
30626,Thierry Henry,1977-08-17 00:00:00,187.96,183
41268,Toche,1983-01-01 00:00:00,185.42,172
37202,Tom de Mul,1986-03-04 00:00:00,172.72,143
193978,Tomas Pina,1987-10-14 00:00:00,185.42,172
47421,Unai Alba,1978-02-19 00:00:00,190.5,185
75615,Vicente Moreno,1974-10-26 00:00:00,187.96,179
513086,Victor Camarasa,1994-05-28 00:00:00,182.88,168
107930,Victor Sanchez Mata,1987-09-08 00:00:00,175.26,159
213805,Vitolo,1989-11-02 00:00:00,182.88,174
163199,Vladimir Weiss,1989-11-30 00:00:00,172.72,157
33973,Xabier Prieto,1983-08-29 00:00:00,185.42,168
354467,Yannick Ferreira-Carrasco,1993-09-04 00:00:00,180.34,146
148827,Abdoulwahid Sissoko,1990-03-20 00:00:00,182.88,165
37422,Abella Perez Damia,1982-04-15 00:00:00,187.96,174
77741,Adil Rami,1985-12-27 00:00:00,190.5,194
45744,Adrian Lopez,1988-01-08 00:00:00,182.88,161
185301,Aitor Nunez,1987-10-02 00:00:00,177.8,154
33759,Aldo Pedro Duscher,1979-03-22 00:00:00,175.26,159
187150,Alejandro Martinuccio,1987-12-16 00:00:00,177.8,161
282470,Alejandro Pozuelo,1991-09-20 00:00:00,170.18,139
205034,Alex Lopez,1988-01-11 00:00:00,172.72,141
265727,Alexandre Coeff,1992-02-20 00:00:00,185.42,159
213809,Allan Nyom,1988-05-10 00:00:00,187.96,179
37442,Alvaro Arbeloa,1983-01-17 00:00:00,182.88,174
201916,Alvaro Arroyo,1988-07-22 00:00:00,180.34,168
183327,Alvaro Gimenez,1991-05-19 00:00:00,182.88,165
213501,Alvaro Morata,1992-10-23 00:00:00,187.96,187
75310,Alvaro Negredo,1985-08-20 00:00:00,185.42,190
47193,Angel Cervara,1986-01-31 00:00:00,175.26,163
33762,Angel Javier Arizmendi,1984-03-03 00:00:00,187.96,168
33733,Angel Lopez,1981-03-10 00:00:00,180.34,157
202553,Antonio Luna,1991-03-17 00:00:00,177.8,150
474671,Bobley Anderson,1992-03-03 00:00:00,185.42,176
38431,Borja Fernandez,1981-01-14 00:00:00,185.42,161
635772,Borja Mayoral,1997-04-05 00:00:00,180.34,148
33747,Borja Oubina,1982-05-17 00:00:00,177.8,165
102623,Borja Viguera,1987-03-26 00:00:00,182.88,176
193937,Bruno Zuculini,1993-04-02 00:00:00,182.88,163
452243,Burgui,1993-10-29 00:00:00,182.88,157
37548,Carlos Martins,1982-04-29 00:00:00,172.72,159
74302,Carlos Pena,1983-07-28 00:00:00,180.34,168
183440,Carlos Tomas,1988-05-18 00:00:00,182.88,183
75342,Carlos Vela,1989-03-01 00:00:00,177.8,165
38004,Carmelo Gonzalez,1983-07-09 00:00:00,180.34,154
201939,Cedric Bakambu,1991-04-11 00:00:00,182.88,161
18853,Claudio Morel,1978-02-02 00:00:00,175.26,163
31498,Cleber Santana,1981-06-27 00:00:00,187.96,176
500791,Cristian Herrera,1991-03-01 00:00:00,187.96,187
169753,Cristobal,1984-04-21 00:00:00,180.34,176
295212,Dani Sotres,1993-05-21 00:00:00,182.88,172
40600,Daniel Kome,1980-05-19 00:00:00,175.26,161
30977,Dariusz Dudka,1983-12-09 00:00:00,182.88,185
18904,David Abraham,1986-07-15 00:00:00,187.96,183
192923,David Anon,1989-04-03 00:00:00,172.72,161
182917,David De Gea,1990-11-07 00:00:00,193.04,181
30276,David Navarro,1980-05-25 00:00:00,187.96,181
243163,David Timor Copovi,1989-10-17 00:00:00,185.42,170
359197,Denis Cheryshev,1990-12-26 00:00:00,177.8,163
70891,Diego Daniel Colotto,1981-03-10 00:00:00,182.88,179
420568,Diego Llorente,1993-08-16 00:00:00,185.42,163
213504,Diego Marino,1990-05-09 00:00:00,185.42,165
261609,Dimitri Foulquier,1993-03-23 00:00:00,182.88,172
477493,Edgar Antonio Mendez,1991-04-30 00:00:00,187.96,165
128360,Edimar Fraga,1986-05-21 00:00:00,180.34,154
111885,Efrain Juarez,1988-02-22 00:00:00,180.34,168
79742,Egor Filipenko,1988-04-10 00:00:00,193.04,185
33861,Enrique Corrales,1982-03-01 00:00:00,175.26,152
34000,Enzo Maresca,1980-02-10 00:00:00,180.34,170
40148,Enzo Perez,1986-02-22 00:00:00,177.8,157
27420,Eugen Polanski,1986-03-17 00:00:00,182.88,172
279173,Faycal Fajr,1988-08-01 00:00:00,177.8,159
68411,Fernando Marquez,1987-12-10 00:00:00,182.88,190
33668,"Francisco Munoz Xisco,18",1980-08-05 00:00:00,175.26,152
49672,Giancarlo Maldonado,1982-06-29 00:00:00,172.72,154
38699,Giuseppe Rossi,1987-02-01 00:00:00,172.72,159
434404,Gonzalo Escalante,1993-03-27 00:00:00,182.88,165
31047,Guillermo Ochoa,1985-07-13 00:00:00,185.42,172
170775,Haris Seferovic,1992-02-22 00:00:00,185.42,187
37507,Hector Font,1984-06-15 00:00:00,170.18,148
41725,Heinz Barmettler,1987-07-21 00:00:00,182.88,168
194036,Henri Bienvenu Ntsama,1988-07-05 00:00:00,180.34,165
37434,Iago Bouzon,1983-06-16 00:00:00,182.88,163
38044,Ikechukwu Uche,1984-01-05 00:00:00,177.8,157
33827,Inaki Goitia,1982-03-02 00:00:00,187.96,179
213812,Inigo Lopez,1982-07-23 00:00:00,185.42,163
4902,Iriney,1981-04-23 00:00:00,177.8,154
37461,Jaime Gavilan,1985-05-12 00:00:00,177.8,157
287231,Jairo,1993-07-11 00:00:00,172.72,152
46808,Javi Guerra,1982-03-15 00:00:00,177.8,170
38479,Javier Calleja,1978-05-12 00:00:00,170.18,168
75474,Javier Camunas,1980-07-17 00:00:00,175.26,157
52563,Jefferson Montero,1989-09-01 00:00:00,170.18,141
39990,Jeremy Toulalan,1983-09-10 00:00:00,182.88,170
33665,Jesus Capi,1977-03-25 00:00:00,182.88,172
40599,Joan Capdevila,1978-02-03 00:00:00,182.88,172
25990,Joao Pereira,1984-02-25 00:00:00,172.72,146
242094,Joel Campbell,1992-02-10 00:00:00,177.8,159
52490,Joffre David Guerron,1985-04-28 00:00:00,180.34,174
130298,John Guidetti,1992-04-15 00:00:00,185.42,174
33852,Jonas Gutierrez,1983-07-05 00:00:00,182.88,161
101920,Jonathan Lopez,1981-04-16 00:00:00,182.88,179
213684,Jordi Masip,1989-01-03 00:00:00,177.8,159
183321,Jorge Garcia Morcillo,1986-03-11 00:00:00,185.42,176
38403,Jorge Lopez,1978-09-19 00:00:00,182.88,165
580589,Jorge Mere,1997-04-17 00:00:00,182.88,170
38148,Jose Angel Crespo,1987-02-09 00:00:00,182.88,159
445908,Jose Caro,1993-03-08 00:00:00,182.88,154
99333,Jose Manuel Casado,1986-08-09 00:00:00,172.72,159
33761,Juan Carlos Valeron,1975-06-17 00:00:00,185.42,168
561433,Juan Munoz,1995-11-12 00:00:00,182.88,168
21445,Juca,1979-11-19 00:00:00,177.8,161
282680,Julian,1991-03-28 00:00:00,195.58,209
5243,Julio Alvarez,1981-05-01 00:00:00,180.34,157
163843,Julio Cesar,1986-09-02 00:00:00,193.04,176
156097,Keko,1991-12-27 00:00:00,172.72,150
74770,Kike Mateo,1979-12-30 00:00:00,175.26,168
96617,Koikili Campo,1980-12-23 00:00:00,167.64,148
292454,Levy Madinda,1992-06-22 00:00:00,175.26,163
42312,Loukas Vyntra,1981-02-05 00:00:00,182.88,168
101983,Manu Herrera,1981-09-29 00:00:00,182.88,165
49866,Manuel Iturra,1984-06-23 00:00:00,175.26,161
37970,"Manuel Lara Martinez,26",1980-06-15 00:00:00,182.88,181
21450,Marc Bertran,1982-05-22 00:00:00,180.34,172
181984,Marco Andreolli,1986-06-10 00:00:00,187.96,179
8780,Marco Perez,1990-09-18 00:00:00,182.88,168
18395,Marcos Aguirre,1984-03-30 00:00:00,170.18,150
30958,Marcos Senna,1976-07-17 00:00:00,177.8,168
122047,Mariano,1986-06-23 00:00:00,177.8,152
183185,Mario Gaspar,1990-11-24 00:00:00,177.8,154
30698,Marko Babic,1981-01-28 00:00:00,185.42,159
38160,Marti Soler,1975-04-28 00:00:00,180.34,168
412762,Matias Kranevitter,1993-05-21 00:00:00,177.8,165
517941,Matias Nahuel Leiva,1996-11-22 00:00:00,172.72,148
42173,Mehmet Aurelio,1977-12-15 00:00:00,177.8,165
33865,Miguel Flano,1984-08-19 00:00:00,177.8,159
43375,Mikel Rico,1984-11-04 00:00:00,177.8,168
16230,Milan Smiljanic,1986-11-19 00:00:00,182.88,172
213820,Nagore,1980-12-27 00:00:00,182.88,159
37429,Nene,1981-07-19 00:00:00,180.34,154
38907,Nicki Bille Nielsen,1988-02-07 00:00:00,185.42,165
37477,Nihat Kahveci,1979-11-23 00:00:00,175.26,157
25986,Nilmar,1984-07-14 00:00:00,180.34,163
101590,Oier Olazabal,1989-09-14 00:00:00,187.96,187
316771,Oliver Torres,1994-11-10 00:00:00,175.26,139
3316,Oscar Sanchez,1979-12-19 00:00:00,180.34,159
246177,Pablo Hernandez,1986-10-24 00:00:00,185.42,179
30903,Pablo Ibanez,1981-08-03 00:00:00,193.04,190
46836,Pape Kouli Diop,1986-03-19 00:00:00,180.34,161
242469,Rafinha,1993-02-12 00:00:00,175.26,157
173965,Raul Navas,1988-06-11 00:00:00,185.42,183
41163,Rayco Garcia,1987-03-23 00:00:00,165.1,141
30443,Renato,1979-05-15 00:00:00,177.8,172
30855,Ricardo,1976-02-11 00:00:00,185.42,176
33805,Ruben Martin Pulido,1979-02-02 00:00:00,187.96,176
74734,Ruben Suarez,1979-02-19 00:00:00,167.64,148
24168,Salva Ballesta,1975-05-25 00:00:00,182.88,170
195589,Samuele Longo,1992-01-12 00:00:00,185.42,172
6864,Santiago Acasiete,1977-11-22 00:00:00,182.88,172
213712,Saul Berjon,1986-05-24 00:00:00,177.8,183
202639,Sergio Alvarez,1992-01-23 00:00:00,182.88,159
96623,Sergio Asenjo,1989-06-28 00:00:00,187.96,192
37718,Sergio Fernandez,1977-05-23 00:00:00,190.5,179
38578,Sergio Garcia,1983-06-09 00:00:00,175.26,159
33887,Sergio Matabuena,1979-02-12 00:00:00,185.42,174
38520,Sergio Sanchez,1977-04-28 00:00:00,190.5,183
33929,Sidi Yaya Keita,1985-03-20 00:00:00,180.34,183
75398,Sisi,1986-04-22 00:00:00,167.64,143
26336,Stephane M'Bia,1986-05-20 00:00:00,187.96,181
254241,Stole Dimitrievski,1993-12-25 00:00:00,185.42,190
534484,Success Isaac,1996-01-07 00:00:00,185.42,190
160599,Toby Alderweireld,1989-03-02 00:00:00,185.42,179
71563,Valdet Rama,1987-11-20 00:00:00,182.88,172
49833,Waldo Ponce,1982-12-04 00:00:00,185.42,187
103450,Yevheniy Konoplyanka,1989-09-29 00:00:00,175.26,152
40719,Aaron Niguez,1989-04-26 00:00:00,170.18,143
42664,Abdelkader Ghezzal,1984-12-05 00:00:00,182.88,172
67334,Abdoul Karim Yoda,1988-10-25 00:00:00,182.88,161
191784,Abdoulaye Ba,1991-01-01 00:00:00,198.12,174
25571,Achille Emana,1982-06-05 00:00:00,180.34,170
441441,Ager Aketxe,1993-12-30 00:00:00,175.26,152
33993,Aitor Ocio,1976-11-28 00:00:00,187.96,170
32763,"Alberto Luque,21",1978-03-11 00:00:00,182.88,176
10348,Alejandro Dominguez,1981-06-10 00:00:00,175.26,161
213500,Alex Fernandez,1992-10-15 00:00:00,180.34,150
523390,Alvaro Medran,1994-03-15 00:00:00,175.26,150
38367,Andrija Delibasic,1981-04-24 00:00:00,187.96,185
432950,Angel Correa,1995-03-09 00:00:00,175.26,154
102612,Antonio Apono,1984-02-13 00:00:00,172.72,159
35324,Antonio Barragan,1987-06-12 00:00:00,185.42,183
358142,Antonio Cotan,1995-09-19 00:00:00,172.72,150
45244,Antunes,1987-04-01 00:00:00,175.26,152
70255,Aquivaldo Mosquera,1981-06-22 00:00:00,182.88,187
30834,Arjen Robben,1984-01-23 00:00:00,180.34,176
205278,Asier Illarramendi,1990-03-08 00:00:00,177.8,168
33958,Asier Riesgo,1983-10-06 00:00:00,185.42,168
41092,Benoit Tremoulinas,1985-12-28 00:00:00,172.72,143
96643,Bojan Krkic,1990-08-28 00:00:00,170.18,143
37480,Cani,1981-08-03 00:00:00,180.34,165
166648,Carlos Bacca,1986-09-08 00:00:00,180.34,170
74404,Carlos Garcia,1984-04-29 00:00:00,182.88,181
518240,Carlos Vigaray,1994-09-07 00:00:00,182.88,154
46531,Casto Espinosa,1982-06-18 00:00:00,180.34,165
24494,Cesar Sanchez,1971-09-02 00:00:00,185.42,181
282474,Christian Alfonso,1989-05-02 00:00:00,177.8,165
12766,Cristian Sapunaru,1984-04-05 00:00:00,187.96,179
30893,Cristiano Ronaldo,1985-02-05 00:00:00,185.42,176
640725,Curro Sanchez,1996-01-03 00:00:00,177.8,150
75307,Daniel Parejo,1989-04-16 00:00:00,180.34,165
74169,Daniel Wass,1989-05-31 00:00:00,180.34,163
37456,David Cobeno,1982-04-06 00:00:00,185.42,181
479217,David Costas,1995-03-26 00:00:00,180.34,159
528873,David Goldar,1994-09-15 00:00:00,180.34,170
108572,David Lomban,1987-06-05 00:00:00,187.96,185
169195,David Rochela,1990-02-19 00:00:00,180.34,170
163971,Didac Vila,1989-06-09 00:00:00,182.88,163
33128,Didier Digard,1986-07-12 00:00:00,182.88,168
38460,Diego Forlan,1979-05-19 00:00:00,180.34,172
150498,Dimas Delgado,1983-02-06 00:00:00,182.88,165
208926,Diogo Salomao,1988-09-14 00:00:00,175.26,154
183479,Edu Ramos,1992-02-17 00:00:00,177.8,148
75197,Egoitz Jaio,1980-08-13 00:00:00,187.96,165
26255,Emir Spahic,1980-08-18 00:00:00,185.42,179
30960,Emmanuel Adebayor,1984-02-26 00:00:00,190.5,181
170341,Eneko Boveda,1988-12-14 00:00:00,180.34,170
29580,Evaldo,1982-03-18 00:00:00,182.88,168
108568,Ever Banega,1988-06-29 00:00:00,175.26,157
30468,Fabio Celestini,1975-10-31 00:00:00,185.42,183
47566,Fabri,1987-12-17 00:00:00,182.88,176
363363,Fabrice Olinga,1996-05-12 00:00:00,172.72,146
113318,Facundo Sebastian Roncaglia,1987-02-10 00:00:00,177.8,168
244136,Fede Vico,1994-07-04 00:00:00,167.64,141
474680,Federico Nicolas Cartabia,1993-01-20 00:00:00,170.18,143
38035,"Fernandez Aitor Tornavaca,29",1976-03-24 00:00:00,175.26,154
319975,Filipe Augusto,1993-08-12 00:00:00,182.88,168
33826,Francesco Arnau,1975-03-23 00:00:00,185.42,179
30277,Francisco Navarro Yeste,1979-12-06 00:00:00,182.88,154
41464,Francisco Pavon,1980-01-09 00:00:00,187.96,172
150831,Francisco Sutil,1984-12-21 00:00:00,172.72,157
32678,German Dario Lux,1982-06-07 00:00:00,185.42,170
186991,German Pezzela,1991-06-27 00:00:00,185.42,179
38526,Gorka Brit,1978-04-19 00:00:00,175.26,152
38540,Gorka Elustondo,1987-03-18 00:00:00,182.88,174
33764,Gorka Iraizoz Moreno,1981-03-06 00:00:00,190.5,196
38546,Gorka Larrea Garcia,1984-04-07 00:00:00,180.34,163
154232,Grzegorz Krychowiak,1990-01-29 00:00:00,185.42,187
27300,Hamit Altintop,1982-12-08 00:00:00,182.88,181
127894,Hector Rodas,1988-03-07 00:00:00,190.5,176
128037,Henrique,1986-10-14 00:00:00,185.42,161
94571,Humberto Osorio,1988-06-24 00:00:00,177.8,172
50048,Humberto Suazo,1981-05-10 00:00:00,172.72,168
112204,Igor Martinez,1989-07-19 00:00:00,170.18,150
30657,Iker Casillas,1981-05-20 00:00:00,185.42,185
179772,Iker Muniain,1992-12-19 00:00:00,170.18,139
191315,Isco,1992-04-21 00:00:00,175.26,163
33630,Ivan Cuellar,1984-05-27 00:00:00,187.96,181
32766,Ivan de la Pena,1976-05-06 00:00:00,170.18,157
188517,Ivan Gonzalez,1988-02-15 00:00:00,182.88,185
25773,Ivan Rakitic,1988-03-10 00:00:00,182.88,172
30866,Ivica Dragutinovic,1975-11-13 00:00:00,185.42,185
177126,Jan Oblak,1993-01-07 00:00:00,185.42,192
160844,Jaume Costa,1988-03-18 00:00:00,170.18,137
268207,Javi Hervas,1989-06-09 00:00:00,175.26,172
183498,Javi Lara,1985-12-04 00:00:00,177.8,161
251256,Javier Espinosa Gonzalez,1992-09-19 00:00:00,175.26,154
46407,Jean-Sylvain Babin,1986-10-14 00:00:00,182.88,185
26010,Jeffrey Sarpong,1988-08-03 00:00:00,172.72,165
174030,Jesus Fernandez,1988-06-11 00:00:00,190.5,183
449494,Jon Errasti,1988-06-01 00:00:00,180.34,179
191140,Jonas Ramalho,1993-06-10 00:00:00,180.34,150
150644,Jonathan Pereira,1987-05-12 00:00:00,167.64,134
495107,Jonathan Rodriguez,1993-07-06 00:00:00,180.34,172
172147,Jordi Figueras,1987-05-16 00:00:00,185.42,181
150737,Jose Catala,1985-01-01 00:00:00,182.88,168
32043,Jose Gomes de Moraes Edmilson,1976-07-10 00:00:00,185.42,165
18653,Jose Gustavo Sand,1980-07-17 00:00:00,182.88,174
37411,Jose Manuel Jurado,1986-06-29 00:00:00,175.26,159
22234,Jose Mari,1978-12-10 00:00:00,182.88,172
150330,Jose Maria Callejon,1987-02-11 00:00:00,177.8,161
674492,Jose Matos,1995-05-06 00:00:00,170.18,150
485141,Joseba Zaldua,1992-06-24 00:00:00,175.26,157
205307,Joselu,1991-03-03 00:00:00,177.8,161
244563,Jota,1991-06-16 00:00:00,180.34,154
427893,Jozabed,1991-03-08 00:00:00,180.34,148
37469,Juan Albin,1986-07-17 00:00:00,180.34,187
114601,Juan Angel Neira,1989-02-21 00:00:00,177.8,152
38398,Juan Arango,1980-05-17 00:00:00,180.34,170
246422,Juan Carlos,1988-01-20 00:00:00,187.96,181
37511,Juan Jesus Calatayud,1979-12-21 00:00:00,190.5,194
33634,Juan Valera,1984-12-21 00:00:00,182.88,168
75239,Juanma Ortiz,1982-03-01 00:00:00,177.8,154
523387,Juanma,1993-02-20 00:00:00,180.34,165
66633,Jukka Raitala,1988-09-15 00:00:00,180.34,168
23144,Jurgen Colin,1981-01-20 00:00:00,182.88,168
41044,Kaka,1982-04-22 00:00:00,185.42,183
45352,Kaka,1981-05-16 00:00:00,185.42,174
40068,Knut Olav Rindaroey,1985-07-17 00:00:00,177.8,163
18388,"Leandro Gioda,28",1984-10-01 00:00:00,193.04,192
173427,Lucas Alfonso Orban,1989-02-03 00:00:00,182.88,172
504606,Lucas Hernandez,1996-02-14 00:00:00,180.34,165
37468,Lucas Matias Licht,1981-04-06 00:00:00,175.26,159
114672,Lucas Wilchez,1983-12-31 00:00:00,172.72,143
198566,Luis Alberto,1992-09-28 00:00:00,182.88,159
33636,Luis Perea,1979-01-30 00:00:00,180.34,168
292771,Mamadou Kone,1991-12-25 00:00:00,177.8,161
111975,Manucho,1983-03-07 00:00:00,187.96,183
38471,Manuel Victor,1974-04-14 00:00:00,165.1,146
184554,Marc-Andre ter Stegen,1992-04-30 00:00:00,187.96,187
183184,Marcos Gullon,1989-02-20 00:00:00,185.42,174
37427,Mario Alvarez,1982-02-02 00:00:00,177.8,165
96619,Markel Susaeta,1987-12-14 00:00:00,177.8,150
30827,Markus Rosenberg,1982-09-27 00:00:00,182.88,179
96616,Martin Caceres,1987-04-07 00:00:00,180.34,172
213688,Martin Montoya,1991-04-14 00:00:00,175.26,159
239219,Mateo Kovacic,1994-05-06 00:00:00,177.8,170
320686,Matheus Doria,1994-11-08 00:00:00,187.96,181
33632,Maxi Rodriguez,1981-01-02 00:00:00,180.34,174
30675,Michael Essien,1982-12-03 00:00:00,177.8,187
26886,Michael Jakobsen,1986-01-02 00:00:00,185.42,179
30658,Michel Salgado,1975-10-22 00:00:00,175.26,165
150316,Michel,1990-02-15 00:00:00,175.26,154
33845,Miguel Angel Moya,1984-04-02 00:00:00,187.96,181
154938,Mikel Balenziaga,1988-02-29 00:00:00,177.8,168
33960,Mikel Gonzalez,1985-09-24 00:00:00,190.5,174
38559,Mikel Saizar,1983-01-18 00:00:00,190.5,185
31312,Milan Stepanov,1983-04-02 00:00:00,190.5,183
522579,Munir El Haddadi,1995-09-01 00:00:00,175.26,152
19533,Neymar,1992-02-05 00:00:00,175.26,150
41016,Nivaldo,1980-06-23 00:00:00,187.96,174
101419,Odion Ighalo,1989-06-16 00:00:00,177.8,170
209922,Oscar Duarte,1989-06-03 00:00:00,182.88,183
25347,Oscar Gonzalez,1982-11-12 00:00:00,177.8,157
683450,Pablo Fornals,1996-02-22 00:00:00,177.8,148
2802,Pablo Hernandez,1985-04-11 00:00:00,172.72,159
298157,Pablo Iniguez,1994-01-20 00:00:00,182.88,159
299981,Pablo Mari Villar,1993-08-31 00:00:00,190.5,192
28907,Pablo Sebastian Alvarez,1984-04-17 00:00:00,177.8,181
643570,Paolo Lemos,1995-12-28 00:00:00,185.42,176
25521,Pape Diakhate,1984-06-21 00:00:00,182.88,172
150769,Pedro Botelho,1989-12-14 00:00:00,185.42,154
75192,Pedro Leon,1986-11-24 00:00:00,182.88,161
37597,Pedro Lopez,1983-11-01 00:00:00,175.26,159
40668,Pedro Mosquera,1988-04-21 00:00:00,182.88,170
150250,Pedro Rodriguez,1987-07-28 00:00:00,167.64,137
37216,Piet Velthuizen,1986-11-03 00:00:00,187.96,198
43372,Piti,1981-05-26 00:00:00,177.8,174
68813,Przemyslaw Tyton,1987-01-04 00:00:00,193.04,187
488710,Rafa Galvez,1993-05-20 00:00:00,190.5,179
38036,Rafael Barber,1980-08-02 00:00:00,182.88,170
74743,Rafael Sastre,1975-10-20 00:00:00,177.8,165
231811,Raoul Loe,1989-01-31 00:00:00,193.04,183
230982,Raphael Varane,1993-04-25 00:00:00,190.5,172
183701,Raul Dominguez,1986-11-11 00:00:00,180.34,165
96618,Raul Fernandez,1988-03-13 00:00:00,195.58,190
32764,Raul Tamudo,1977-10-19 00:00:00,180.34,163
116750,Ricky van Wolfswinkel,1989-01-27 00:00:00,185.42,163
37478,Robert Pires,1973-10-29 00:00:00,187.96,176
193869,Rodrigo,1991-03-06 00:00:00,180.34,170
32761,Ruben Baraja,1975-07-11 00:00:00,180.34,165
96652,Ruben Castro,1981-06-27 00:00:00,175.26,159
358138,Ruben Duarte,1995-10-18 00:00:00,180.34,165
384413,Ruben Garcia,1993-07-14 00:00:00,170.18,159
150045,Ruben Micael,1986-08-19 00:00:00,175.26,154
102879,Salva Sevilla,1984-03-18 00:00:00,177.8,154
33844,Saul,1985-04-09 00:00:00,175.26,172
33812,Sebastien Squillaci,1980-08-11 00:00:00,185.42,176
30419,Selim Benachour,1981-09-08 00:00:00,170.18,161
75206,Sergio Ortega,1980-11-25 00:00:00,182.88,163
105351,Simao,1988-07-23 00:00:00,177.8,168
280276,Suso,1993-11-19 00:00:00,175.26,154
172949,Thiago Alcantara,1991-04-11 00:00:00,175.26,154
96852,Tiago Filipe Gomes,1985-08-19 00:00:00,180.34,168
40951,Tiago Pinto,1988-02-01 00:00:00,177.8,154
183449,Tito,1985-07-11 00:00:00,175.26,137
33872,Valdo,1981-04-23 00:00:00,182.88,172
32657,Victor Valdes,1982-01-14 00:00:00,182.88,172
28955,Wilfredo Caballero,1981-09-28 00:00:00,185.42,176
39854,Xavi Hernandez,1980-01-25 00:00:00,170.18,148
38489,Xisco Nadal,1986-06-27 00:00:00,180.34,179
36615,Yaya Toure,1983-05-13 00:00:00,187.96,198
161291,Youssef El Arabi,1987-02-03 00:00:00,182.88,185
39562,Abdoulay Konko,1984-03-09 00:00:00,182.88,157
24385,Abel Aguilar,1985-01-06 00:00:00,185.42,176
361710,Aderlan Santos,1989-04-09 00:00:00,193.04,183
571685,Adrian Marin,1997-01-09 00:00:00,180.34,161
314605,Alberto Moreno,1992-07-05 00:00:00,170.18,143
189192,Aleix Vidal,1989-08-21 00:00:00,177.8,152
280638,Aleksandar Pantic,1992-04-11 00:00:00,185.42,168
33840,Alexandre Geijo,1982-09-05 00:00:00,187.96,179
42321,Alexandros Tziolis,1985-02-13 00:00:00,187.96,185
111801,Alfred N'Diaye,1990-03-06 00:00:00,190.5,176
183350,Alvaro Cejudo,1984-01-29 00:00:00,180.34,172
474658,Alvaro Garcia,1992-10-27 00:00:00,167.64,130
257855,Alvaro Gonzalez Soberon,1990-01-08 00:00:00,180.34,150
93484,Aly Cissokho,1987-09-15 00:00:00,180.34,165
150323,Ander Iturraspe,1989-03-08 00:00:00,187.96,165
164238,Andre Santos,1989-03-02 00:00:00,177.8,165
104986,Andres Fernandez,1986-12-16 00:00:00,182.88,190
30955,Andres Iniesta,1984-05-11 00:00:00,170.18,150
192065,Andres Tunez,1987-03-15 00:00:00,187.96,183
46509,Angel Di Maria,1988-02-14 00:00:00,180.34,165
41292,Angel Rodriguez,1987-04-26 00:00:00,172.72,150
280485,Angel Trujillo,1987-09-08 00:00:00,177.8,174
33832,Antonio Hidalgo,1979-02-08 00:00:00,182.88,161
115798,Baba,1988-01-05 00:00:00,177.8,165
242151,Borja Ekiza,1988-03-06 00:00:00,180.34,161
128298,Bryan Rodriguez,1986-08-14 00:00:00,190.5,201
112205,Cala,1989-11-26 00:00:00,187.96,159
30661,Carles Puyol,1978-04-13 00:00:00,177.8,176
17299,Carlos Carmona,1987-07-05 00:00:00,177.8,159
574654,Carlos Castro,1995-06-01 00:00:00,177.8,150
516854,Carlos Fernandez,1996-05-22 00:00:00,185.42,159
192841,Carlos Lazaro Vallejo,1990-11-13 00:00:00,180.34,170
187279,Cedric,1992-03-08 00:00:00,167.64,137
51953,Celso Borges,1988-05-27 00:00:00,182.88,181
260969,Charlie I'Anson,1993-07-01 00:00:00,180.34,161
30649,Christoph Metzelder,1980-11-05 00:00:00,193.04,203
161660,Ciro Immobile,1990-02-20 00:00:00,185.42,172
151063,Coke,1987-04-26 00:00:00,175.26,159
287226,Cristian Lobato,1989-03-07 00:00:00,175.26,146
114339,Cristian Maidana,1987-01-24 00:00:00,180.34,163
58294,Cristian Stuani,1986-10-12 00:00:00,185.42,168
239350,Cristiano Biraghi,1992-09-01 00:00:00,182.88,172
56846,Dani Estrada,1987-01-03 00:00:00,177.8,163
282674,Daniel Carvajal,1992-01-11 00:00:00,172.72,161
215584,David Lopez,1989-10-09 00:00:00,185.42,183
102631,David Rodriguez,1986-02-14 00:00:00,177.8,159
96613,Diego Alves,1985-06-24 00:00:00,187.96,183
24383,Diego Castro,1982-07-02 00:00:00,175.26,154
19243,Diego Costa,1988-10-07 00:00:00,187.96,187
56678,Diego Godin,1986-02-16 00:00:00,185.42,161
99054,Diego Ifran,1987-06-08 00:00:00,175.26,168
74435,Domingo Cisma,1982-02-09 00:00:00,182.88,172
213707,Edu Oriol,1986-11-05 00:00:00,175.26,154
18784,Emiliano Daniel Armenteros,1986-01-18 00:00:00,180.34,172
282461,Enric Saborit,1992-04-27 00:00:00,185.42,159
215768,Ezequiel Rescaldani,1992-06-11 00:00:00,190.5,183
115297,Fabian Monzon,1987-04-13 00:00:00,177.8,181
29590,Fabio Coentrao,1988-03-11 00:00:00,177.8,154
39198,Fernando Damian Tissone,1986-07-24 00:00:00,180.34,170
599425,Florin Andone,1993-04-11 00:00:00,182.88,172
102699,Foued Kadir,1983-12-05 00:00:00,180.34,154
241825,Francisco Alcacer,1993-08-30 00:00:00,175.26,157
38475,Francisco Farinos,1978-03-29 00:00:00,172.72,150
178802,Franco Zuculini,1990-09-05 00:00:00,175.26,150
323438,Fredy Hinestroza,1990-04-05 00:00:00,175.26,154
163205,Gael Kakuta,1991-06-21 00:00:00,172.72,141
57078,Gary Kagelmacher,1988-04-21 00:00:00,182.88,174
245555,Geronimo Rulli,1992-05-20 00:00:00,187.96,176
25759,Gonzalo Higuain,1987-12-10 00:00:00,182.88,181
282460,Guillermo,1993-05-23 00:00:00,180.34,163
25560,Guirane N'Daw,1984-04-24 00:00:00,190.5,190
183158,Hector Yuste,1988-01-12 00:00:00,190.5,181
40958,Helder Postiga,1982-08-02 00:00:00,180.34,168
97486,Henrique Sereno,1985-05-18 00:00:00,187.96,172
113627,Hernan Dario Bernardello,1986-08-03 00:00:00,175.26,163
243781,Hernan,1990-08-26 00:00:00,180.34,161
5233,Iban Javier Cuadrado,1979-02-21 00:00:00,187.96,176
96620,Ion Velez,1985-02-17 00:00:00,182.88,168
239965,Isma Lopez,1990-01-29 00:00:00,180.34,165
361792,Ivan Cavaleiro,1993-10-18 00:00:00,175.26,161
2857,Ivan Perez,1985-11-16 00:00:00,172.72,143
164033,Ivan Pillud,1986-04-24 00:00:00,177.8,163
75390,Jacobo,1983-07-10 00:00:00,195.58,181
75392,Jauregi Inaki Bea,1978-06-27 00:00:00,185.42,176
128721,Javi Castellano,1987-11-02 00:00:00,180.34,157
185123,Javi Lopez,1986-01-21 00:00:00,180.34,168
172324,Javier Aquino,1990-02-11 00:00:00,165.1,137
33963,Javier Garrido,1985-03-15 00:00:00,177.8,168
70409,Javier Hernandez,1988-06-01 00:00:00,175.26,161
37497,Javier Portillo,1982-03-30 00:00:00,180.34,154
30279,Javier Venta,1975-12-13 00:00:00,180.34,163
75609,Jesus Mendoza,1977-02-23 00:00:00,175.26,157
30839,Johnny Heitinga,1983-11-15 00:00:00,180.34,170
39122,Jonas,1984-04-01 00:00:00,180.34,165
24123,Jonathan De Guzman,1987-09-13 00:00:00,172.72,154
128732,Jonathas,1989-03-06 00:00:00,190.5,187
541557,Jony,1991-07-09 00:00:00,177.8,176
150632,Jordi Feliu Xumetra,1985-10-24 00:00:00,172.72,154
97508,Jorge Goncalves,1983-10-31 00:00:00,177.8,181
213816,Jose Angel,1989-03-02 00:00:00,185.42,165
161651,Jose Canas,1987-05-27 00:00:00,177.8,152
364244,Jose Mari,1987-12-06 00:00:00,182.88,154
24131,Jose Miguel Josemi,1979-11-15 00:00:00,182.88,181
186121,Jose Raul Baena,1989-03-02 00:00:00,180.34,179
238841,Jose Recio,1991-01-11 00:00:00,182.88,163
37605,Joseba Garmendia,1985-10-04 00:00:00,182.88,159
638029,Josep Sene,1991-12-10 00:00:00,185.42,163
282691,Juan Bernat,1993-03-01 00:00:00,170.18,148
189178,Juan Dominguez Lamas,1990-01-08 00:00:00,180.34,157
121716,Juan Forlin,1988-01-10 00:00:00,180.34,157
75199,Juan Ramon Cabrero Juanra,1980-04-24 00:00:00,182.88,172
37449,Juan Rodriguez,1982-04-01 00:00:00,185.42,176
26535,Kennedy Bakircioglu,1980-11-02 00:00:00,180.34,170
26392,Kevin Gameiro,1987-05-09 00:00:00,172.72,154
96627,Kike Lopez,1988-01-12 00:00:00,170.18,143
358127,Leo Baptistao,1992-08-26 00:00:00,180.34,157
30664,Leonardo Franco,1977-05-20 00:00:00,187.96,174
182138,Leonel Galeano,1991-08-02 00:00:00,182.88,185
96838,Lica,1988-09-08 00:00:00,180.34,154
166702,"Lolo Reyes,23",1991-06-13 00:00:00,175.26,170
150480,Lora,1987-03-25 00:00:00,167.64,148
194660,Lucas Perez,1988-09-10 00:00:00,180.34,172
267380,Lucas Piazon,1994-01-20 00:00:00,182.88,165
40636,Luis Suarez,1987-01-24 00:00:00,182.88,187
213714,Luso,1984-12-04 00:00:00,182.88,165
37622,Mane,1981-12-21 00:00:00,175.26,150
20325,Marcelo Silva,1989-03-21 00:00:00,185.42,183
18628,Marco Ruben,1986-10-26 00:00:00,177.8,165
75579,Marian Kelemen,1979-12-07 00:00:00,187.96,185
38467,Mariano Damian Barbosa,1984-07-27 00:00:00,187.96,165
41667,Marius Stankevicius,1981-07-15 00:00:00,190.5,183
34233,Mark Gonzalez,1984-07-10 00:00:00,175.26,163
38794,Marvin Ogunjimi,1987-10-12 00:00:00,182.88,176
185644,Mathew Ryan,1992-04-08 00:00:00,182.88,181
111033,Matias Alustiza,1984-05-31 00:00:00,165.1,150
113311,Mauro Dos Santos,1989-07-07 00:00:00,180.34,165
37916,Miguel Robuste,1985-05-20 00:00:00,182.88,172
41470,Miguel Torres,1986-01-28 00:00:00,182.88,163
24132,Mohamed Lamine Sissoko,1985-01-22 00:00:00,190.5,179
38382,Mohammed Tchite,1984-01-31 00:00:00,177.8,154
242477,Nacho Cases,1987-12-22 00:00:00,175.26,146
265275,Naldo,1988-08-25 00:00:00,187.96,185
75001,Nauzet Aleman,1985-02-25 00:00:00,180.34,165
45457,Nicolas Bertolo,1986-02-01 00:00:00,177.8,165
362194,Nicolas Lopez,1993-10-01 00:00:00,177.8,165
638105,Nili,1994-02-18 00:00:00,177.8,143
37799,Obafemi Martins,1984-10-28 00:00:00,170.18,161
38890,Pablo Amo,1978-01-15 00:00:00,185.42,161
75353,Pablo Sicilia,1981-09-10 00:00:00,182.88,183
302823,Pape Diamanka,1990-01-10 00:00:00,182.88,168
45237,Paulao,1982-08-06 00:00:00,187.96,194
35638,Pedro Munitis,1975-06-19 00:00:00,167.64,154
25921,Pepe,1983-02-26 00:00:00,187.96,179
25574,Pierre Webo,1982-01-20 00:00:00,180.34,179
75397,Rafa Lopez,1985-04-09 00:00:00,177.8,159
34029,Raul Albiol,1985-09-04 00:00:00,190.5,181
230993,Raul Rodriguez,1987-09-22 00:00:00,182.88,163
40220,Razvan Rat,1981-05-26 00:00:00,177.8,159
19435,Renan,1985-01-24 00:00:00,185.42,181
170667,Rene Krhin,1990-05-21 00:00:00,187.96,172
75371,Ricardo Leon,1983-02-08 00:00:00,185.42,168
74752,Roberto Canella,1988-02-07 00:00:00,180.34,161
37506,Roberto Soldado,1985-05-27 00:00:00,180.34,163
31014,Romaric,1983-06-04 00:00:00,187.96,194
159598,Rui Fonte,1990-04-23 00:00:00,180.34,163
34602,Ruud van Nistelrooy,1976-07-01 00:00:00,187.96,176
477604,Salva Ruiz,1995-05-17 00:00:00,177.8,161
306407,Sebastian Cristoforo,1993-08-23 00:00:00,172.72,154
74772,Sendoa,1975-12-31 00:00:00,175.26,165
358148,Sergi Gomez,1992-06-28 00:00:00,185.42,170
212472,Sergi Roberto,1992-02-07 00:00:00,177.8,157
2984,Sergio Aragones,1977-02-01 00:00:00,182.88,176
102630,Sergio Pelegrin,1979-04-18 00:00:00,185.42,170
182928,Sergio Tejera,1990-05-28 00:00:00,180.34,165
30851,Shunsuke Nakamura,1978-06-24 00:00:00,177.8,148
187360,Simone Verdi,1992-07-12 00:00:00,170.18,137
93480,Sofiane Feghouli,1989-12-26 00:00:00,177.8,165
280977,Tiago Ilori,1993-02-26 00:00:00,190.5,176
30871,Tiago,1981-05-02 00:00:00,182.88,157
9128,Tomislav Dujmovic,1981-02-26 00:00:00,187.96,179
184091,Tono,1989-11-07 00:00:00,177.8,152
37579,Tono,1979-12-17 00:00:00,182.88,176
111994,Tsepo Masilela,1985-05-05 00:00:00,175.26,154
571623,Unai Bustinza,1992-02-02 00:00:00,175.26,168
451941,Unai Garcia,1992-09-03 00:00:00,177.8,150
571615,Unai Lopez,1995-10-30 00:00:00,170.18,141
445907,Varela,1994-10-26 00:00:00,175.26,150
23853,Walter Pandiani,1976-04-27 00:00:00,182.88,165
389202,Wanderson,1994-10-07 00:00:00,175.26,146
202220,Wellington Silva,1993-01-06 00:00:00,170.18,150
291131,Wilfried Zahibo,1993-08-21 00:00:00,190.5,176
213695,Abraham Minero,1986-02-22 00:00:00,175.26,157
33715,Abraham Paz Cruz,1979-03-14 00:00:00,177.8,165
45605,Albert Crusat,1982-05-13 00:00:00,165.1,143
102394,Alberto Garcia,1985-02-09 00:00:00,182.88,170
231977,Alberto Perea,1990-12-19 00:00:00,175.26,146
2790,Alberto Rey,1974-02-15 00:00:00,175.26,163
30273,Alberto Rivera,1978-02-16 00:00:00,167.64,146
38131,Alejandro Alfaro,1986-11-23 00:00:00,175.26,161
37479,Alexis,1985-08-04 00:00:00,182.88,165
41718,Alhassane Keita,1983-06-26 00:00:00,170.18,150
282467,Alvaro Vadillo,1994-09-12 00:00:00,180.34,154
213489,Alvaro Vazquez,1991-04-27 00:00:00,182.88,165
213814,Anaitz Arbilla,1987-05-15 00:00:00,177.8,165
33021,Ander Murillo,1983-07-26 00:00:00,182.88,185
33986,Andres Palop,1973-10-22 00:00:00,182.88,165
150731,Antonio Amaya,1983-05-31 00:00:00,193.04,190
607148,Aritz Elustondo,1994-03-28 00:00:00,182.88,159
75331,Aritz Lopez Garai,1980-11-06 00:00:00,182.88,176
74989,Artiles Oliva Aythami,1986-04-02 00:00:00,182.88,172
210065,Bebe,1990-07-12 00:00:00,190.5,183
150764,Bernardo,1989-07-11 00:00:00,193.04,187
410424,Borja Lopez,1994-02-02 00:00:00,193.04,185
12454,Branko Ilic,1983-02-06 00:00:00,187.96,176
110331,Brayan Angulo,1989-11-02 00:00:00,172.72,159
42479,Bruno Soriano,1984-06-12 00:00:00,182.88,161
25563,Carlos Kameni,1984-02-18 00:00:00,185.42,190
74721,Carlos Lorens Bellvis,1985-04-24 00:00:00,170.18,150
102620,Carlos Martinez,1986-04-09 00:00:00,187.96,174
72541,Cesar Azpilicueta,1989-08-28 00:00:00,177.8,165
31092,Chu-Young Park,1985-07-10 00:00:00,182.88,165
213704,Cristian Tello Herrera,1991-08-19 00:00:00,177.8,143
183497,Dani Castellano,1987-11-02 00:00:00,180.34,152
280528,Dani Nieto,1991-05-04 00:00:00,172.72,132
33988,Daniel Alves,1983-05-06 00:00:00,172.72,154
40940,Daniel Carrico,1988-08-04 00:00:00,180.34,176
34952,Daniele Bonera,1981-05-31 00:00:00,182.88,163
208077,Danilo,1991-07-15 00:00:00,182.88,172
289278,Darwin Machis,1993-02-07 00:00:00,170.18,159
30666,David Albelda,1977-09-01 00:00:00,180.34,170
74991,David Garcia,1982-02-25 00:00:00,182.88,181
246218,David Junca,1993-11-16 00:00:00,175.26,148
30909,David Villa,1981-12-03 00:00:00,175.26,152
496054,Dejan Drazic,1995-09-26 00:00:00,175.26,152
476769,Deyverson,1991-05-08 00:00:00,187.96,172
101422,Diego Perotti,1988-07-26 00:00:00,177.8,154
19277,Dinei,1983-11-11 00:00:00,185.42,172
37439,Dudu Aouate,1977-10-17 00:00:00,187.96,192
50661,Eduardo Vargas,1989-11-20 00:00:00,175.26,154
11758,Eliseu,1983-10-01 00:00:00,175.26,165
317775,Emanuel Insua,1991-04-10 00:00:00,180.34,181
394825,Emiliano Velazquez,1994-04-30 00:00:00,185.42,174
103904,Emilio Nsue,1989-09-30 00:00:00,180.34,170
295198,Eneko Satrustegui,1990-09-25 00:00:00,182.88,165
30738,Eric Abidal,1979-07-11 00:00:00,185.42,163
574200,Eric Bertrand Bailly,1994-04-12 00:00:00,187.96,170
183331,Ernesto Galan,1986-06-17 00:00:00,180.34,174
25753,Ezequiel Luna,1986-11-19 00:00:00,177.8,163
6853,Fabian Vargas,1980-04-17 00:00:00,177.8,157
605654,Fabian,1996-04-03 00:00:00,187.96,154
127370,Felipe Mattioni Rohde,1988-10-15 00:00:00,180.34,165
47563,Fernando Martin Forestieri,1990-01-15 00:00:00,172.72,148
37491,Fernando Varela,1979-09-01 00:00:00,180.34,172
37426,Fernando Vega,1984-07-03 00:00:00,177.8,157
24612,Fernando,1979-06-02 00:00:00,180.34,170
38700,Florent Sinama-Pongolle,1984-10-20 00:00:00,175.26,152
287689,Formose Mendy,1989-03-23 00:00:00,182.88,168
40672,Francisco Casilla,1986-10-02 00:00:00,190.5,185
38064,Francisco Molinero,1985-07-26 00:00:00,175.26,159
270774,Franco Vazquez,1989-02-22 00:00:00,185.42,181
30670,Gabriel Heinze,1978-04-19 00:00:00,177.8,159
416409,German,1993-02-16 00:00:00,187.96,172
97491,Geromel,1985-09-21 00:00:00,190.5,185
31731,Gianni Zuiverloon,1986-12-30 00:00:00,177.8,163
51341,Gilberto Garcia,1987-01-27 00:00:00,180.34,165
37512,Gonzalo Colsa,1979-04-05 00:00:00,185.42,170
206301,Guerrero,1990-07-12 00:00:00,180.34,170
31020,Guillermo Franco,1976-11-03 00:00:00,182.88,168
18673,Gustavo Cabral,1985-10-14 00:00:00,182.88,179
33588,Haris Medunjanin,1985-03-08 00:00:00,187.96,168
27461,Heiko Westermann,1983-08-14 00:00:00,190.5,192
25913,Helder Rosario,1980-03-09 00:00:00,180.34,172
261787,Iago Herrerin,1988-01-25 00:00:00,187.96,198
189922,Ibrahima Balde,1989-04-04 00:00:00,190.5,187
112758,Ignacio Camacho,1990-05-04 00:00:00,182.88,165
298327,Igor Lichnovsky,1994-03-07 00:00:00,185.42,174
213702,Isaac Cuenca,1991-04-27 00:00:00,172.72,148
75395,Ivan Hernandez,1980-02-27 00:00:00,187.96,183
287691,Ivan Lopez,1993-08-23 00:00:00,175.26,152
80497,Ivan Marcano,1987-06-23 00:00:00,187.96,170
37446,Ivan Sanchez Riki,1980-08-11 00:00:00,187.96,196
30907,Jaroslav Plasil,1982-01-05 00:00:00,182.88,159
71498,Javi Varas,1982-09-10 00:00:00,182.88,163
34969,Javier Chevanton,1980-08-12 00:00:00,175.26,150
38534,Javier Flano,1984-08-19 00:00:00,177.8,150
26403,Jeremy Mathieu,1983-10-29 00:00:00,187.96,185
36622,Jerzy Dudek,1973-03-23 00:00:00,187.96,172
150574,Jesus Rueda,1987-02-19 00:00:00,180.34,172
37448,Jesus Vazquez,1980-01-18 00:00:00,182.88,170
291425,Jhon Cordoba,1993-05-11 00:00:00,185.42,187
282284,Joan Roman,1993-05-18 00:00:00,170.18,143
186054,Joel Robles,1990-06-17 00:00:00,195.58,198
478390,Jon Gaztanaga,1991-06-28 00:00:00,180.34,154
280483,Jonathan Zongo,1992-12-02 00:00:00,182.88,159
17875,Jordan Loties,1984-08-05 00:00:00,190.5,181
74739,Jorge Garcia,1984-01-13 00:00:00,182.88,170
38065,Jose Antonio Garcia Calvo,1975-04-01 00:00:00,185.42,170
26554,Jose Leonardo Ulloa,1986-07-26 00:00:00,185.42,176
32765,Jose Maria Guti,1976-10-31 00:00:00,182.88,172
183521,Jose Maria Lopez Silva,1983-02-01 00:00:00,170.18,146
169198,Jose Picon,1988-03-13 00:00:00,182.88,163
70297,Jozy Altidore,1989-11-06 00:00:00,185.42,174
41468,Juan Mata,1988-04-28 00:00:00,170.18,139
75195,Juan Pablo,1978-09-02 00:00:00,187.96,183
38424,Juanfran,1985-01-09 00:00:00,180.34,159
75376,Julian Ramos Omar,1988-01-26 00:00:00,175.26,143
43329,Kalu Uche,1982-11-15 00:00:00,177.8,174
51949,Keylor Navas,1986-12-15 00:00:00,185.42,172
26044,Krisztian Vadocz,1985-05-30 00:00:00,187.96,185
41196,Laszlo Sepsi,1987-06-07 00:00:00,177.8,165
111190,Laure,1985-03-22 00:00:00,165.1,150
38922,Lionel Scaloni,1978-05-16 00:00:00,182.88,176
30832,Luis Garcia,1978-06-24 00:00:00,177.8,163
37488,"Manolo Gaspar,28",1981-02-03 00:00:00,172.72,157
96651,Manu Fernandez,1986-05-09 00:00:00,182.88,170
163236,Manu Torres,1989-08-14 00:00:00,185.42,168
38701,Manuel Fernandes,1986-02-05 00:00:00,175.26,152
28467,Marcelo,1988-05-12 00:00:00,175.26,165
97865,Mario Fernandez Cuesta,1988-04-30 00:00:00,185.42,163
102374,Mario Martinez,1985-03-25 00:00:00,172.72,150
47373,Matias Fernandez,1986-05-15 00:00:00,177.8,159
33666,Miguel Angel,1978-09-16 00:00:00,182.88,170
41469,Miguel Nieto,1986-01-12 00:00:00,182.88,163
33997,Mikel Eizaguirre Aranburu,1979-02-18 00:00:00,180.34,154
33961,Mikel Labaka,1980-08-10 00:00:00,185.42,172
40049,Modeste M'Bami,1982-10-09 00:00:00,180.34,176
514850,Moi,1994-04-18 00:00:00,180.34,165
315227,Moises Garcia,1989-10-31 00:00:00,182.88,172
26354,Mouhamadou Dabo,1986-11-28 00:00:00,175.26,143
31303,Nelson,1983-06-10 00:00:00,170.18,150
425985,Nemanja Radoja,1993-02-06 00:00:00,185.42,170
37489,Nino,1980-06-10 00:00:00,170.18,150
24630,Noe Pamarot,1979-04-14 00:00:00,180.34,192
213486,Nolito,1986-10-15 00:00:00,175.26,159
27365,Nuri Sahin,1988-09-05 00:00:00,180.34,161
30692,Oguchi Onyewu,1982-05-13 00:00:00,195.58,209
212470,Oriol Romeu,1991-09-24 00:00:00,182.88,183
33892,Oscar Serrano,1981-09-30 00:00:00,172.72,161
150573,Oscar Sielva,1991-08-06 00:00:00,177.8,152
193533,Pablo Alcolea Guerrero,1989-03-23 00:00:00,182.88,172
70865,Pablo Barrera,1987-06-21 00:00:00,177.8,159
18483,Pablo Javier Perez,1985-08-10 00:00:00,177.8,157
240054,Pablo Sarabia,1992-05-11 00:00:00,175.26,154
75619,Pedro Rios,1981-12-12 00:00:00,177.8,163
30890,Philippe Senderos,1985-02-14 00:00:00,190.5,185
359194,Quini,1985-10-29 00:00:00,180.34,159
30740,Rafael Marquez,1979-02-13 00:00:00,182.88,165
477471,Raul Albentosa,1988-09-01 00:00:00,193.04,196
74751,Raul Camara,1984-02-28 00:00:00,170.18,141
33871,Raul Garcia,1986-07-11 00:00:00,182.88,179
292313,Raul Jimenez,1991-05-05 00:00:00,190.5,168
30655,Raul,1977-06-27 00:00:00,180.34,150
75004,Roberto Trashorras,1981-02-28 00:00:00,177.8,157
324578,Rodrigo De Paul,1994-05-24 00:00:00,177.8,150
18592,Roman Martinez,1983-03-27 00:00:00,182.88,179
30646,Roque Santa Cruz,1981-08-16 00:00:00,190.5,183
11778,Roversio,1984-01-17 00:00:00,187.96,154
396526,Ruben Blanco,1995-07-25 00:00:00,187.96,154
213711,Ruben Rochina,1991-03-23 00:00:00,182.88,168
318526,Ruben Vezo,1994-04-25 00:00:00,182.88,176
33607,Ruben,1982-01-29 00:00:00,187.96,183
639150,Sabin Merino,1992-01-04 00:00:00,185.42,176
214449,Salvador Agra,1991-11-11 00:00:00,165.1,157
474672,Samuel Garcia,1990-06-15 00:00:00,177.8,161
150296,Sebastian Dubarbier,1986-02-19 00:00:00,177.8,170
56819,Sebastian Fernandez,1985-05-23 00:00:00,170.18,152
154257,Sergio Busquets,1988-07-16 00:00:00,187.96,168
150649,Sergio Canales,1991-02-16 00:00:00,177.8,143
300532,Sergio Rico,1993-09-01 00:00:00,193.04,194
30271,Sergio,1976-11-10 00:00:00,182.88,170
39584,Stipe Pletikosa,1979-01-08 00:00:00,193.04,183
42579,Tiberio Guarente,1985-11-01 00:00:00,182.88,163
95078,Toni Kroos,1990-01-04 00:00:00,182.88,172
533227,Uche Henry Agbo,1995-12-04 00:00:00,185.42,161
25462,Victor Casadesus,1985-02-28 00:00:00,180.34,176
30889,Xabi Alonso,1981-11-25 00:00:00,182.88,176
449484,Xabi Irureta,1986-03-21 00:00:00,180.34,163
74990,Xabier Aranburu Castillo,1986-03-29 00:00:00,182.88,157
159881,Xabier Etxeita,1987-10-31 00:00:00,185.42,174
154256,Xavier Torres,1986-11-21 00:00:00,182.88,183
432463,Zakaria Bakkali,1996-01-26 00:00:00,165.1,132
282473,Zouhair Feddal,1989-01-01 00:00:00,190.5,172
352887,Abdoulaye Doucoure,1993-01-01 00:00:00,182.88,165
40501,Adrian Gonzalez,1988-05-25 00:00:00,182.88,168
47565,Alberto De la Bella,1985-12-02 00:00:00,182.88,181
191906,Alejandro Arribas,1989-05-01 00:00:00,182.88,163
26169,Aleksandr Hleb,1981-05-01 00:00:00,185.42,161
395154,Alen Halilovic,1996-06-18 00:00:00,170.18,143
282689,Alex Menendez,1991-07-17 00:00:00,180.34,148
23678,Alex Song,1987-09-09 00:00:00,185.42,163
164676,Ander Herrera,1989-08-14 00:00:00,182.88,161
31045,Andres Guardado,1986-09-28 00:00:00,170.18,148
32656,Antonio Lopez,1981-09-13 00:00:00,175.26,163
79737,Antonio Rukavina,1984-01-26 00:00:00,177.8,163
209362,Aras Oezbiliz,1990-03-09 00:00:00,175.26,154
33655,Arturo Arzu,1981-03-17 00:00:00,182.88,172
47552,Ben Sahar,1989-08-10 00:00:00,180.34,159
45749,Benat Etxebarria,1987-02-19 00:00:00,175.26,159
58499,Bojan Jokic,1986-05-17 00:00:00,175.26,165
33895,Borja Neru,1974-01-20 00:00:00,182.88,165
38433,Borja Valero,1985-01-12 00:00:00,175.26,161
361322,Bruma,1994-10-24 00:00:00,172.72,146
43294,Bruno Vilela Gama,1987-11-15 00:00:00,175.26,163
33828,Cesar Navas,1980-02-14 00:00:00,198.12,194
75600,Chema,1980-04-25 00:00:00,187.96,181
18664,Christian Fernandez,1985-10-01 00:00:00,182.88,170
40203,Ciprian Marica,1985-10-02 00:00:00,185.42,176
71602,Claudio Beauvue,1988-04-16 00:00:00,175.26,146
239964,Cristiano Piccini,1992-09-26 00:00:00,182.88,170
33768,Daniel Jarque,1983-01-01 00:00:00,187.96,168
40523,Daniel Larsson,1987-01-25 00:00:00,175.26,174
30477,Danijel Pranjic,1981-12-02 00:00:00,170.18,154
38243,David Odonkor,1984-02-21 00:00:00,172.72,163
74672,Dealbert,1983-01-01 00:00:00,185.42,176
282281,Denis Suarez,1994-01-06 00:00:00,180.34,159
41466,Diego Lopez,1981-11-03 00:00:00,195.58,192
31235,Diego,1985-02-28 00:00:00,172.72,161
215711,Dionisio Villalba,1989-12-21 00:00:00,182.88,181
158263,Dorlan Pabon,1988-01-24 00:00:00,167.64,161
75445,Duje Cop,1990-02-01 00:00:00,182.88,161
150093,Eduardo Salvio,1990-07-13 00:00:00,172.72,150
171992,Elias,1985-05-16 00:00:00,172.72,165
37581,Ezequiel Garay,1986-10-10 00:00:00,187.96,176
34520,Fabio Cannavaro,1973-09-13 00:00:00,175.26,165
41708,Fabio Coltorti,1980-12-03 00:00:00,198.12,209
143795,Fausto Rossi,1990-12-03 00:00:00,175.26,148
41622,Felipe Caicedo,1988-09-05 00:00:00,182.88,185
33030,Fernando Llorente,1985-02-26 00:00:00,195.58,198
11555,Fernando Soriano,1979-09-24 00:00:00,187.96,179
30853,Fernando Torres,1984-03-20 00:00:00,185.42,172
202610,Fidel,1989-10-27 00:00:00,177.8,161
105827,Fran Merida,1990-03-04 00:00:00,175.26,163
37455,Francisco Rufete,1976-11-20 00:00:00,175.26,170
129326,Franco Daniel Jara,1988-07-15 00:00:00,180.34,168
50027,Gato Silva,1986-02-11 00:00:00,177.8,165
37413,Giourkas Seitaridis,1981-06-04 00:00:00,185.42,174
101070,Gregory Arnolin,1980-11-10 00:00:00,187.96,187
112563,Hans Martinez,1987-01-04 00:00:00,177.8,168
409005,Hector Hernandez,1991-05-23 00:00:00,172.72,157
39142,Henok Goitom,1984-09-22 00:00:00,187.96,190
37423,Hipolito Poli,1977-03-20 00:00:00,185.42,161
24099,Hurtado Perez Moises,1981-02-20 00:00:00,185.42,187
174472,Iago Aspas,1987-08-01 00:00:00,175.26,148
26434,Ibrahim Afellay,1986-04-02 00:00:00,180.34,168
46289,Imanol Agirretxe,1987-02-24 00:00:00,187.96,170
616544,Inigo Lekue,1993-05-04 00:00:00,180.34,159
188060,Inigo Perez,1988-01-18 00:00:00,177.8,163
33959,Ion Ansotegi,1982-07-13 00:00:00,193.04,185
177475,Izet Hajrovic,1991-08-04 00:00:00,177.8,157
74689,Jaime,1980-12-10 00:00:00,187.96,176
164684,James Rodriguez,1991-07-12 00:00:00,180.34,165
42369,Javad Nekounam,1980-10-07 00:00:00,185.42,172
74747,Javi Fuego,1984-01-04 00:00:00,182.88,163
37410,Javier Martinez,1988-09-02 00:00:00,190.5,179
37576,Javier Saviola,1981-12-11 00:00:00,167.64,154
466672,Jefferson Lerma,1994-10-25 00:00:00,177.8,154
154259,Jeffren Suarez,1988-01-20 00:00:00,172.72,157
301456,Jeison Murillo,1992-05-27 00:00:00,182.88,172
17703,Jeremy Perbet,1984-12-12 00:00:00,182.88,172
34601,Jermaine Pennant,1983-01-15 00:00:00,172.72,150
18705,Jesus Datolo,1984-05-19 00:00:00,177.8,159
75606,Jesus Perez Francis,1981-12-17 00:00:00,177.8,154
96509,Joaquin Larrivey,1984-08-20 00:00:00,185.42,181
37824,Joaquin,1981-07-21 00:00:00,177.8,165
195581,Joel,1992-09-20 00:00:00,180.34,174
2983,Jorge Molina,1982-04-22 00:00:00,187.96,192
69166,Jose Ariel Nunez,1988-09-12 00:00:00,172.72,157
38550,Jose Javier Barkero,1979-04-27 00:00:00,180.34,165
18518,Jose Sosa,1985-06-19 00:00:00,180.34,170
25735,Juan Pablo Carrizo,1984-05-06 00:00:00,187.96,192
33891,Juanjo,1985-10-28 00:00:00,187.96,176
38451,Juanlu,1984-02-07 00:00:00,177.8,168
26805,Kris Stadsgaard,1985-08-01 00:00:00,185.42,170
23988,Lassana Diarra,1985-03-10 00:00:00,172.72,161
30534,Leonardo Ponzio,1982-01-29 00:00:00,175.26,157
241997,Liassine Cadamuro,1988-03-05 00:00:00,187.96,179
384374,Luis Hernandez,1989-08-14 00:00:00,182.88,163
115519,Luisinho,1985-05-05 00:00:00,175.26,137
38492,Maniche,1977-11-11 00:00:00,172.72,157
114762,Manolo Reina,1985-04-01 00:00:00,185.42,176
150735,Manuel Lillo Castellano,1989-03-27 00:00:00,175.26,168
213912,Manuel Lucena,1982-11-17 00:00:00,185.42,185
295200,Manuel Onwu,1988-01-11 00:00:00,185.42,165
37879,Marc Torrejon Moya,1986-02-18 00:00:00,187.96,192
49847,Marcelo Diaz,1986-12-30 00:00:00,165.1,139
18164,Mariano Pavone,1982-05-27 00:00:00,180.34,176
41923,Markus Steinhoefer,1986-03-07 00:00:00,175.26,152
41582,Marquitos,1987-03-21 00:00:00,177.8,161
34582,Mate Bilic,1980-10-23 00:00:00,185.42,179
78404,Michel,1985-11-08 00:00:00,182.88,159
38449,Miguel Pallardo,1986-09-05 00:00:00,172.72,161
34007,Miguel,1980-01-04 00:00:00,177.8,172
33964,Mikel Alonso,1980-05-17 00:00:00,180.34,172
150770,Miku,1985-08-19 00:00:00,185.42,176
198607,Miroslav Stevanovic,1990-07-29 00:00:00,180.34,159
34956,Mista,1978-11-12 00:00:00,182.88,163
215079,Mohammed Abu,1991-11-14 00:00:00,170.18,150
35497,Mounir El Hamdaoui,1984-07-14 00:00:00,182.88,185
38521,Nacho Monreal,1986-02-26 00:00:00,177.8,159
638089,Nacho Monsalve,1994-04-27 00:00:00,177.8,163
38025,Nacho Perez,1980-06-24 00:00:00,175.26,154
31718,Nelson Haedo Valdez,1983-11-28 00:00:00,177.8,168
174321,Nicolas Otamendi,1988-02-12 00:00:00,182.88,179
170365,Nosa Emanuel Igiebor,1990-11-09 00:00:00,182.88,168
38778,Oleksandr Iakovenko,1987-07-23 00:00:00,182.88,163
181297,Oscar de Marcos,1989-04-14 00:00:00,180.34,168
407786,Pablo Hervias,1993-03-08 00:00:00,175.26,150
28468,Pedro Oldoni,1985-09-26 00:00:00,190.5,181
201918,Pedro Orfila Artime,1988-03-06 00:00:00,175.26,154
97490,Pele,1987-09-14 00:00:00,187.96,176
5247,Perez Richi,1977-04-14 00:00:00,187.96,170
33637,Peter Luccin,1979-04-09 00:00:00,180.34,165
38464,Quique Alvarez,1975-07-20 00:00:00,182.88,174
314820,Quique Rivero,1992-04-16 00:00:00,175.26,154
75214,Rafa Jorda,1984-01-01 00:00:00,190.5,192
38406,Rafita,1982-09-18 00:00:00,177.8,152
477498,Raul Lizoain,1991-01-27 00:00:00,187.96,176
432591,Ricardo Horta,1994-09-15 00:00:00,172.72,134
24591,Ricardo,1971-12-30 00:00:00,187.96,194
474668,Roberto Chen,1994-05-24 00:00:00,182.88,159
46391,Roberto Lago,1985-08-30 00:00:00,177.8,168
300623,Roberto Torres,1989-03-17 00:00:00,177.8,159
675088,Rodrigo Hernandez,1996-06-22 00:00:00,190.5,172
303088,Roger,1991-01-03 00:00:00,177.8,163
38363,Roland Lamah,1987-12-31 00:00:00,180.34,157
42714,Royston Drenthe,1987-04-08 00:00:00,167.64,172
37656,Ruben,1984-06-22 00:00:00,187.96,176
193224,Sergi Enrich,1990-02-26 00:00:00,180.34,168
30962,Sergio Ramos,1986-03-30 00:00:00,182.88,165
26146,Seydou Keita,1980-01-16 00:00:00,182.88,165
178955,Stefan Savic,1991-01-08 00:00:00,185.42,161
97762,Takashi Inui,1988-06-02 00:00:00,170.18,139
466132,Theo Bongonda,1995-11-20 00:00:00,177.8,157
38601,Theofanis Gekas,1980-05-23 00:00:00,177.8,168
150869,Thimothee Kolodziejczak,1991-10-01 00:00:00,185.42,165
134236,Tino Costa,1985-01-09 00:00:00,175.26,165
150824,Txema Anibarro,1979-07-26 00:00:00,185.42,172
33027,Ustaritz,1983-02-16 00:00:00,180.34,165
213916,Vicente Gomez,1988-08-31 00:00:00,187.96,172
109222,Vicente Guaita,1987-02-18 00:00:00,190.5,179
111237,Vicente Iborra,1988-01-16 00:00:00,195.58,194
52004,Victor Alvarez,1993-03-14 00:00:00,177.8,152
24450,Victor Obinna,1987-03-25 00:00:00,180.34,179
37672,Victoriano Rivas Nano,1980-07-07 00:00:00,185.42,176
114746,Vincenzo Rennella,1988-10-08 00:00:00,187.96,172
33439,Vladimir Stojkovic,1983-07-28 00:00:00,193.04,207
30878,Wesley Sneijder,1984-06-09 00:00:00,170.18,159
260659,Ximo Navarro,1990-01-23 00:00:00,177.8,157
37845,Xisco,1986-06-26 00:00:00,187.96,168
192064,Yoel Rodriguez,1988-08-28 00:00:00,185.42,185
80295,Yuri Berchiche,1990-02-10 00:00:00,177.8,170
97488,Yves Hadley Desmarets,1979-07-19 00:00:00,177.8,159
238786,Zakarya Bergdich,1989-01-07 00:00:00,175.26,150
34104,Ze Castro,1983-01-13 00:00:00,182.88,181
178574,Adrian Gunino,1989-02-03 00:00:00,167.64,141
183482,Adrian Sardinero Corpa,1990-10-13 00:00:00,180.34,172
121923,Adriano,1982-01-21 00:00:00,175.26,168
20771,Akihiro Ienaga,1986-06-13 00:00:00,172.72,154
32870,Alan Hutton,1984-11-30 00:00:00,185.42,161
107929,Alberto Botia,1989-01-27 00:00:00,187.96,176
37451,Alberto Lopo,1980-05-05 00:00:00,185.42,179
213493,Alex Perez,1991-08-11 00:00:00,187.96,176
629594,Alfonso Pedraza,1996-04-09 00:00:00,182.88,165
100033,Alvaro Pereira,1985-11-28 00:00:00,180.34,172
33586,Alvaro Rubio,1979-04-18 00:00:00,180.34,150
268039,Anderson Conceicao,1989-10-24 00:00:00,187.96,179
42873,Andreas Ivanschitz,1983-10-15 00:00:00,182.88,181
172948,Andreu Fontas,1989-11-14 00:00:00,185.42,196
33820,Angel Manuel Vivar Dorado,1974-02-12 00:00:00,182.88,172
33644,Antonio Doblas,1980-08-05 00:00:00,182.88,179
474448,Antonio Sanabria,1996-03-04 00:00:00,180.34,154
37793,Antonio Tomas,1985-01-19 00:00:00,175.26,165
38362,Ariel Ibagaza,1976-10-27 00:00:00,165.1,143
149584,Ariel Nahuelpan,1987-10-15 00:00:00,187.96,203
33028,Aritz Aduriz,1981-02-11 00:00:00,182.88,172
150641,Baltasar Rigo,1985-06-26 00:00:00,185.42,174
97498,Beto,1982-05-01 00:00:00,182.88,179
74403,Bruno Saltor,1980-10-01 00:00:00,177.8,165
40721,Carl Medjani,1985-05-15 00:00:00,182.88,170
102912,Carlos Calvo,1985-09-18 00:00:00,175.26,157
37754,Carlos Diogo,1983-07-18 00:00:00,185.42,174
56972,Carlos Sanchez,1986-02-06 00:00:00,182.88,181
213653,Charles,1984-04-04 00:00:00,177.8,165
722766,Charly Musonda,1996-10-15 00:00:00,172.72,146
282475,Christian Gomez,1989-07-27 00:00:00,180.34,165
35988,Christian Lell,1984-08-29 00:00:00,182.88,176
319055,Chuli,1991-01-25 00:00:00,177.8,161
172430,Cicinho,1986-08-04 00:00:00,175.26,139
46297,Cristian Daniel Ansaldi,1986-09-20 00:00:00,180.34,168
24970,Cristian Zapata,1986-09-30 00:00:00,187.96,181
580704,Dani Ndi,1995-08-18 00:00:00,177.8,168
531629,Daniel Ceballos,1996-08-07 00:00:00,175.26,143
41294,David Barral,1983-05-10 00:00:00,182.88,172
37470,David Cortes,1979-08-29 00:00:00,180.34,163
37498,David Generelo,1982-08-11 00:00:00,182.88,181
37459,David Silva,1986-01-08 00:00:00,170.18,148
99047,David Zurutuza,1986-07-19 00:00:00,185.42,172
179009,Dejan Lekic,1985-06-07 00:00:00,193.04,194
34381,Derek Boateng,1983-05-02 00:00:00,185.42,172
34182,Didier Zokora,1980-12-14 00:00:00,177.8,159
103139,Diego Buonanotte,1988-04-19 00:00:00,160.02,123
33611,Diego Camacho,1976-10-10 00:00:00,185.42,181
38139,Diego Capel,1988-02-16 00:00:00,172.72,148
2752,Diego Mainz,1982-12-29 00:00:00,187.96,174
172116,Douglas,1990-08-06 00:00:00,170.18,148
33800,Edinho,1982-07-07 00:00:00,182.88,159
33074,Eidur Gudjohnsen,1978-09-15 00:00:00,185.42,196
34008,Emiliano Moretti,1981-06-11 00:00:00,182.88,174
24217,Emre Belozoglu,1980-09-07 00:00:00,170.18,159
193930,Enzo Roco,1992-08-16 00:00:00,187.96,181
12005,Ersen Martin,1979-05-23 00:00:00,195.58,187
80555,Esparza Jokin Arcaya,1988-06-15 00:00:00,177.8,150
21785,Esteban Solari,1980-06-02 00:00:00,187.96,185
38577,Ewerthon,1981-06-10 00:00:00,175.26,148
95509,Federico Fazio,1987-03-17 00:00:00,195.58,201
155050,Federico Fernandez,1989-02-22 00:00:00,190.5,183
42524,Federico Piovaccari,1984-09-01 00:00:00,180.34,170
522203,Federico Ricca,1994-12-01 00:00:00,177.8,159
37604,Fernando Amorebieta,1985-03-29 00:00:00,190.5,185
33848,Fernando Navarro,1982-06-25 00:00:00,175.26,154
45440,Francisco Chica,1985-05-17 00:00:00,175.26,170
103424,Gabriel Torje,1989-11-22 00:00:00,167.64,157
214972,Geoffrey Kondogbia,1993-02-15 00:00:00,187.96,168
37482,Gerard Pique,1987-02-02 00:00:00,193.04,187
80265,Giedrius Arlauskis,1987-12-01 00:00:00,182.88,176
56686,Gonzalo Castro,1984-09-14 00:00:00,175.26,154
115229,Guilherme Santos,1988-02-05 00:00:00,175.26,159
203527,Guillermo Sara,1987-09-30 00:00:00,182.88,181
70812,Hector Moreno,1988-01-17 00:00:00,182.88,176
30994,Hedwiges Maduro,1985-02-13 00:00:00,187.96,185
213470,Ibai Gomez,1989-11-11 00:00:00,177.8,159
42200,Ibrahim Kas,1986-09-20 00:00:00,182.88,174
37408,Igor Gabilondo,1979-02-10 00:00:00,185.42,172
33869,Inaki Munoz,1978-07-02 00:00:00,182.88,174
282676,Inigo Martinez,1991-05-17 00:00:00,180.34,170
179407,Issam El Adoua,1986-12-09 00:00:00,187.96,174
51360,Jackson Martinez,1986-10-03 00:00:00,185.42,187
489240,Jaume,1990-11-05 00:00:00,187.96,168
80492,Javi Moreno Marquez,1986-05-11 00:00:00,177.8,157
43374,Javier Baraja,1980-08-24 00:00:00,177.8,174
38818,Javier Mascherano,1984-06-08 00:00:00,175.26,161
169196,Javier Matilla,1988-01-01 00:00:00,175.26,159
477595,Javier Noblejas,1993-03-18 00:00:00,187.96,170
173389,Javier Ros,1990-02-16 00:00:00,175.26,152
33991,Jesus Navas,1985-11-21 00:00:00,170.18,132
173885,Joan Oriol,1986-11-05 00:00:00,175.26,152
361757,Joao Cancelo,1994-05-27 00:00:00,182.88,159
474673,Johan Mojica,1992-08-21 00:00:00,185.42,161
191136,Jon Aurtenetxe,1992-01-03 00:00:00,182.88,174
636565,Jon Bautista,1995-07-03 00:00:00,177.8,159
183347,Jon Echaide,1988-01-05 00:00:00,177.8,172
710807,Jonatan Montiel,1998-09-03 00:00:00,172.72,148
37871,Jonathan Soriano,1985-09-24 00:00:00,177.8,154
114680,Jonathan Urretaviscaya,1990-03-19 00:00:00,175.26,152
213729,Jonathan Viera,1989-10-01 00:00:00,170.18,141
41568,Jonathan Vila,1986-03-06 00:00:00,185.42,172
193223,Jordi Amat,1992-03-21 00:00:00,185.42,183
213482,Jorge Pulido,1991-04-08 00:00:00,185.42,172
38821,Jose Antonio Reyes,1983-09-01 00:00:00,175.26,159
33849,Jose Carlos Nunes,1977-03-07 00:00:00,185.42,179
165607,Jose Carlos,1987-07-17 00:00:00,177.8,150
477472,Jose Luis Morales,1987-07-23 00:00:00,180.34,154
37484,Juanfran Garcia,1976-07-15 00:00:00,182.88,172
37419,Juanito,1980-02-17 00:00:00,187.96,176
191873,Juanmi,1993-05-20 00:00:00,170.18,139
573463,"Juanpi,20",1994-01-24 00:00:00,170.18,143
33990,Julien Escude,1979-08-17 00:00:00,182.88,174
38822,Julio Baptista,1981-10-01 00:00:00,185.42,190
26166,Karim Benzema,1987-12-19 00:00:00,187.96,174
215405,Kevin Garcia,1989-09-08 00:00:00,175.26,165
175311,Kiko,1991-02-02 00:00:00,175.26,134
164210,Lassad Nouioui,1986-03-08 00:00:00,187.96,172
202210,Leandro Damiao,1989-07-22 00:00:00,187.96,203
182456,Lisandro Lopez,1989-09-01 00:00:00,187.96,176
294003,Luciano Dario Vietto,1993-12-05 00:00:00,172.72,154
97334,Luis Moran,1987-07-26 00:00:00,172.72,148
37259,Mahamadou Diarra,1981-05-18 00:00:00,182.88,181
280920,Manu Lanzarote,1984-01-20 00:00:00,177.8,152
97319,Manuel Arana,1984-12-03 00:00:00,175.26,161
102614,Manuel Castro Pavon,1984-02-27 00:00:00,187.96,165
478391,Marco Sangalli,1992-02-07 00:00:00,177.8,146
75306,Marcos Tebar,1986-02-07 00:00:00,185.42,170
75447,Mario Mandzukic,1986-05-21 00:00:00,190.5,187
37631,Mario Suarez,1987-02-24 00:00:00,187.96,176
113672,Mateo Pablo Musacchio,1990-08-26 00:00:00,182.88,165
18376,Matias Fritzler,1986-08-23 00:00:00,177.8,161
282060,Matos,1993-02-27 00:00:00,180.34,157
346379,Mauricio Cuero,1993-01-28 00:00:00,175.26,170
40428,McDonald Mariga,1987-04-04 00:00:00,187.96,190
32999,Mehdi Lacen,1984-03-15 00:00:00,175.26,159
39782,Mehmet Topal,1986-03-03 00:00:00,187.96,181
37667,Melli,1984-06-06 00:00:00,182.88,172
36378,Mesut Oezil,1988-10-15 00:00:00,182.88,168
39215,Michael Krohn-Dehli,1983-06-06 00:00:00,170.18,150
200630,Michael Pereira,1987-12-08 00:00:00,180.34,163
118528,Michu,1986-03-21 00:00:00,185.42,176
150080,Miguel Lopes,1986-12-19 00:00:00,182.88,183
20645,Mike Havenaar,1987-05-20 00:00:00,193.04,179
182224,Mikel San Jose,1989-05-30 00:00:00,185.42,170
39580,Mohamed Sarr,1983-12-23 00:00:00,185.42,185
46621,Nabil El Zhar,1986-08-27 00:00:00,175.26,146
213499,Nacho Fernandez,1990-01-18 00:00:00,177.8,165
32865,Nacho Novo,1979-03-26 00:00:00,175.26,154
317569,Nono,1993-03-30 00:00:00,177.8,159
72542,Oier,1986-05-25 00:00:00,177.8,159
37653,Oriol Riera,1986-07-03 00:00:00,182.88,172
33885,Oriol,1981-05-23 00:00:00,182.88,154
80500,Oscar Diaz,1984-04-24 00:00:00,182.88,168
37350,Pablo Caceres,1985-04-22 00:00:00,177.8,165
151075,Pablo Cendros,1987-04-01 00:00:00,175.26,161
30287,Pablo Orbaiz,1979-02-06 00:00:00,177.8,165
40165,Pablo Osvaldo,1986-01-12 00:00:00,182.88,179
164852,Pablo Pintos,1987-07-01 00:00:00,182.88,159
31103,Paulo da Silva,1980-02-01 00:00:00,180.34,168
291635,Pedro Bigas,1990-05-15 00:00:00,180.34,172
50473,Pedro Morales,1985-05-25 00:00:00,180.34,170
535600,Petros,1989-05-29 00:00:00,180.34,172
39106,Piotr Trochowski,1984-03-22 00:00:00,170.18,159
211118,Rafael Martins,1989-03-17 00:00:00,177.8,161
30840,Rafael van der Vaart,1983-02-11 00:00:00,175.26,163
34382,Roberto Abbondanzieri,1972-08-19 00:00:00,185.42,194
314947,Roberto Correa,1992-09-29 00:00:00,182.88,168
74736,Roberto Fernandez,1979-01-25 00:00:00,180.34,174
104382,Roberto Rosales,1988-11-20 00:00:00,175.26,154
37623,Roberto,1986-02-10 00:00:00,193.04,190
181548,Roderick Miranda,1991-03-30 00:00:00,193.04,198
37452,Rodolfo Bodipo Diaz,1977-10-25 00:00:00,182.88,174
77773,Sammir,1987-04-23 00:00:00,177.8,170
543312,Samu,1994-04-15 00:00:00,172.72,154
477615,Sandro Ramirez,1995-07-09 00:00:00,175.26,157
33641,Santiago Ezquerro,1976-12-14 00:00:00,180.34,154
38746,Sebastian Eguren,1981-01-08 00:00:00,185.42,185
33847,Sergio Ballesteros,1975-09-04 00:00:00,187.96,205
38561,Sergio Boris,1980-05-26 00:00:00,185.42,168
209950,Sergio Escudero,1989-09-02 00:00:00,175.26,159
74771,Sergio Mantecon,1980-06-08 00:00:00,175.26,157
39834,Sergio Pinto,1980-10-16 00:00:00,175.26,159
28439,Sergio Sanchez,1986-04-03 00:00:00,185.42,168
75608,Serrabasa Gerard,1978-09-08 00:00:00,182.88,168
184999,Shkodran Mustafi,1992-04-17 00:00:00,182.88,181
254702,Thievy Bifouma,1992-05-13 00:00:00,180.34,163
30689,Tomas Ujfalusi,1978-03-24 00:00:00,185.42,168
33854,Tuni,1982-06-14 00:00:00,180.34,159
38008,Txomin Nagore,1974-08-26 00:00:00,182.88,174
38469,Verza,1986-09-29 00:00:00,180.34,172
183101,Victor Laguardia,1989-11-05 00:00:00,185.42,165
183346,Victor Perez,1988-01-01 00:00:00,175.26,157
369800,Victor Romero Rodriguez,1989-07-23 00:00:00,170.18,154
182921,Victor Ruiz,1989-01-25 00:00:00,185.42,172
179083,Willian Jose,1991-11-23 00:00:00,185.42,196
179795,Yacine Brahimi,1990-02-08 00:00:00,175.26,146
