id_j_en_plantel,id_equipo,id_jugadores
1,8305,109222
2,8302,97498
3,8370,37656
4,8305,109222
5,8305,38427
6,8305,38427
7,8302,97498
8,8305,38427
9,8603,40648
10,8558,40672
11,9783,96651
12,9783,47566
13,9864,25563
14,9783,96651
15,8305,163843
16,9869,33630
17,8633,30657
18,10267,96613
19,8315,33764
20,8603,46531
21,8315,33764
22,8315,33764
23,8661,33845
24,8315,261787
25,8603,47566
26,10281,96623
27,9783,33018
28,10267,19435
29,8634,33732
30,8372,449484
31,8372,449484
32,8581,114762
33,8560,38536
34,8370,37456
35,9910,192064
36,9906,170323
37,9864,19403
38,8315,33025
39,8633,213499
40,7878,75239
41,8633,25921
42,8661,37491
43,9910,183462
44,9910,183462
45,8371,37422
46,8371,37422
47,9864,41470
48,8370,406257
49,8372,150824
50,8302,151063
51,8633,30962
52,9864,41470
53,8633,37442
54,8661,32870
55,8696,257855
56,9865,20325
57,8696,38148
58,9864,33843
59,9864,33843
60,9864,33843
61,8394,27678
62,8394,27678
63,8603,31303
64,8305,201916
65,10278,75199
66,9867,21450
67,8305,37470
68,8479,37434
69,8394,33805
70,8302,38148
71,8603,27461
72,8315,181297
73,8315,181297
74,10281,37597
75,8560,241997
76,8305,37479
77,10267,25990
78,8634,33988
79,8634,33988
80,9910,358148
81,8302,26354
82,8634,33988
83,8558,164033
84,8696,33634
85,8581,127894
86,9865,75239
87,8661,33893
88,9865,75239
89,9865,150316
90,9906,38424
91,7878,213809
92,8558,127370
93,8479,34268
94,8394,30534
95,8560,607148
96,8302,242783
97,8560,102620
98,8560,102620
99,9906,150081
100,8302,33992
101,8633,30658
102,10267,35324
103,8560,607148
104,8633,23988
105,8315,33993
106,8558,70891
107,8302,26255
108,8370,33961
109,8558,38385
110,8394,38890
111,8560,282676
112,9906,19327
113,9906,56678
114,8372,477471
115,9865,6864
116,7878,25521
117,10281,150574
118,9910,358148
119,8305,37451
120,10281,97486
121,10281,196203
122,9906,638089
123,9783,45352
124,10278,39580
125,9869,101070
126,8371,33865
127,8370,191784
128,9869,101070
129,9869,101070
130,8371,38151
131,8558,193930
132,8371,38151
133,8603,2768
134,8302,150869
135,8302,150869
136,8603,37427
137,8634,37482
138,8633,25921
139,8634,37482
140,9783,37451
141,9783,37451
142,7878,213812
143,8302,33990
144,8633,25921
145,8302,33990
146,8634,37482
147,8302,33812
148,8302,33990
149,9910,172948
150,7878,280977
151,9865,280485
152,8315,33024
153,9864,28439
154,8305,265275
155,8371,37718
156,8394,73078
157,10278,24630
158,8560,33959
159,8305,75397
160,8633,30911
161,8394,31103
162,8558,121716
163,8558,121716
164,8661,33607
165,10267,30914
166,8394,31103
167,9906,114044
168,8633,30911
169,8558,121716
170,8302,38385
171,8302,38385
172,9869,298327
173,7878,265727
174,8603,33027
175,7878,30914
176,8581,70949
177,8558,209922
178,9910,172948
179,9906,56678
180,8633,30670
181,8305,42200
182,10267,74747
183,8634,26005
184,8634,26403
185,8558,70812
186,8634,26403
187,8696,257855
188,8370,213482
189,9910,191136
190,8634,26005
191,9869,303484
192,8315,37604
193,8305,37479
194,10267,182921
195,7878,40139
196,7878,317775
197,8560,47565
198,8388,33898
199,8661,33607
200,8634,30661
201,9869,74752
202,9864,37419
203,8394,183101
204,8305,67334
205,8315,154938
206,8633,37442
207,8370,406257
208,9864,38025
209,10205,58499
210,9864,37450
211,10267,282691
212,9869,74752
213,10267,31045
214,8661,33893
215,9869,74752
216,10205,40599
217,10205,40599
218,8603,115297
219,9783,18853
220,8581,70949
221,8302,209950
222,8371,72542
223,8305,477595
224,9868,49836
225,8302,33848
226,8302,314605
227,8634,150739
228,10268,74757
229,8370,150769
230,8581,179407
231,10205,160844
232,8558,40599
233,8370,40220
234,8370,256727
235,8302,33991
236,8302,33991
237,8558,37441
238,8388,37433
239,8560,282678
240,8302,33991
241,9869,16230
242,8394,102612
243,8696,37512
244,8581,150632
245,8558,37441
246,8479,74747
247,10267,40148
248,10205,282281
249,10281,33820
250,8302,33759
251,9783,92375
252,10281,43374
253,8558,215584
254,8560,38540
255,8558,18592
256,8315,37605
257,8302,49970
258,9869,38886
259,9906,33871
260,9906,33871
261,9906,33632
262,8302,26336
263,10267,212470
264,9906,184533
265,9906,184533
266,8558,31014
267,8633,41044
268,10267,570432
269,7878,80492
270,9864,282472
271,8371,33870
272,10267,93480
273,8558,80492
274,9783,37449
275,8371,38424
276,9865,189192
277,9864,37450
278,8634,23678
279,10205,42479
280,9783,37449
281,10205,42479
282,8603,25571
283,8371,38424
284,8633,30840
285,8315,150323
286,8661,200630
287,8661,200630
288,10281,33586
289,8560,102622
290,10205,242094
291,8306,150872
292,10205,262592
293,8696,150644
294,8305,32999
295,8581,38469
296,10205,172324
297,8634,39854
298,9906,37631
299,8305,32999
300,7878,213912
301,8305,166111
302,8560,41156
303,8661,38398
304,8560,41156
305,8302,25773
306,9869,33887
307,8305,523390
308,8634,154257
309,8305,37461
310,9864,39990
311,8696,40501
312,8394,30534
313,7878,477493
314,7878,282713
315,8394,30534
316,8603,722766
317,8372,449494
318,7878,282713
319,9783,21445
320,10281,75192
321,9869,395154
322,8372,369859
323,8371,243163
324,8394,9128
325,8370,118528
326,10267,75307
327,9867,18592
328,8388,75216
329,8634,33074
330,10268,2805
331,10267,75307
332,8371,42369
333,9783,194660
334,7878,103139
335,10281,38431
336,8371,42369
337,10205,316771
338,8302,31014
339,8371,11555
340,8560,75342
341,8560,75342
342,8633,41044
343,8661,143841
344,10205,42479
345,8661,37631
346,8634,36615
347,8661,38433
348,8558,80492
349,7878,80492
350,8560,33973
351,9783,183365
352,8558,80492
353,9906,37631
354,8306,37510
355,10281,33588
356,8634,154257
357,7878,29904
358,8560,38540
359,8315,411616
360,9864,37419
361,8581,33872
362,9865,362855
363,8371,42369
364,8302,31014
365,8315,96619
366,9906,45744
367,10205,38746
368,8372,40501
369,8558,282475
370,10267,40148
371,8558,37441
372,9868,29904
373,9906,184138
374,8371,38886
375,7878,179795
376,9865,46384
377,9864,37450
378,8371,75474
379,8558,150872
380,8581,46621
381,8633,46509
382,9864,24450
383,7878,161291
384,8634,30955
385,8394,213707
386,7878,256727
387,8696,40501
388,8371,75398
389,8302,37474
390,9864,261599
391,8558,37654
392,9865,280483
393,10267,41468
394,8305,67334
395,8603,96652
396,8558,37654
397,10267,46384
398,9865,477493
399,8581,33872
400,9869,38886
401,8558,38578
402,9864,45744
403,8558,163199
404,9865,41469
405,9869,38886
406,8558,38578
407,8633,32765
408,8371,30744
409,8581,150632
410,10281,41168
411,10278,26145
412,9869,24383
413,8603,282467
414,9869,21414
415,8661,33762
416,10267,41468
417,8603,150644
418,7878,177496
419,8603,34233
420,8634,150250
421,9869,41294
422,8633,41044
423,8371,75474
424,8634,30981
425,8372,193224
426,8370,213729
427,8394,287353
428,9864,198566
429,8661,33854
430,9906,316771
431,10281,25347
432,8558,33872
433,9869,24383
434,8315,213470
435,8371,189922
436,8696,150649
437,10205,18628
438,8603,215927
439,9906,432950
440,8302,42579
441,9906,184138
442,8634,50047
443,8603,102879
444,9865,43329
445,8558,75194
446,8661,25574
447,9906,51360
448,8581,75214
449,8370,32764
450,8661,33028
451,10281,111975
452,10205,18628
453,8302,202553
454,8560,184138
455,10205,294003
456,10205,150644
457,8479,102572
458,7878,291425
459,9864,213653
460,10267,75310
461,8633,30893
462,9864,56819
463,8633,30893
464,10267,75310
465,8370,165607
466,8305,37506
467,10205,37477
468,9910,213486
469,9906,294003
470,8302,34106
471,9906,184533
472,9910,213486
473,10267,34231
474,8302,34106
475,9783,194660
476,8581,41255
477,8603,2983
478,8581,41255
479,8305,241825
480,9864,37576
481,8372,41292
482,7878,41294
483,8560,46289
484,7878,213649
485,10267,38567
486,8581,41292
487,8371,37653
488,8371,96615
489,9869,34582
490,8603,523387
491,8558,32764
492,8302,115798
493,8371,33958
494,9869,33630
495,9865,112563
496,9865,517294
497,8479,38464
498,8302,41166
499,10205,58499
500,9783,21445
501,8634,212472
502,10267,282692
503,10267,319975
504,9869,33887
505,8634,212472
506,8633,208494
507,7878,362194
508,8370,56819
509,10205,18628
510,8315,97257
511,8371,300623
512,8603,114746
513,10205,282284
514,9865,21785
515,9864,363363
516,8560,636565
517,8558,532942
518,10267,24494
519,8558,532942
520,8302,282680
521,10205,38484
522,10281,183348
523,8603,30855
524,9865,33731
525,9865,282680
526,8305,38427
527,8661,32678
528,9869,33630
529,7878,254241
530,8370,246422
531,9864,25563
532,9864,25563
533,8634,32657
534,8634,32657
535,8634,32657
536,8305,34382
537,8558,40672
538,9783,39584
539,9783,96651
540,8560,37421
541,10267,109222
542,10267,109222
543,8370,37456
544,10281,30990
545,9906,33845
546,8661,37439
547,8661,37439
548,8661,37439
549,8558,25563
550,9864,33753
551,9864,33826
552,8370,186054
553,9910,246201
554,8315,33764
555,9910,246201
556,8315,33764
557,8633,30657
558,8633,30657
559,8302,71498
560,8633,30657
561,9906,39989
562,10278,37216
563,8634,213684
564,10205,96623
565,9783,33018
566,8634,33732
567,8305,30992
568,8305,30992
569,8633,40672
570,7878,261609
571,8661,24131
572,8633,30962
573,7878,261609
574,9869,74751
575,10205,33733
576,8394,178802
577,8633,150330
578,9869,74739
579,9869,198217
580,8315,33025
581,9867,185301
582,8634,107930
583,8633,25921
584,8634,37482
585,8558,213814
586,8302,70255
587,8305,201916
588,8558,213814
589,8305,37622
590,8302,122047
591,8633,37442
592,8633,37442
593,8371,31303
594,8633,37442
595,8560,56846
596,8696,188531
597,9910,74721
598,10267,2802
599,8634,26146
600,8315,33027
601,8560,102620
602,8394,12766
603,8560,102620
604,7878,213809
605,9865,150316
606,8315,191140
607,9865,150316
608,8603,37422
609,8371,72542
610,10268,195335
611,9906,32656
612,8634,212472
613,8370,99333
614,8634,33988
615,8372,113311
616,8634,33988
617,8560,485141
618,8633,27300
619,10205,182921
620,8661,127370
621,9864,18520
622,8560,485141
623,8696,150764
624,9867,75350
625,7869,425595
626,8558,185123
627,8315,181297
628,9864,37488
629,8370,183449
630,8315,181297
631,8603,26345
632,8371,33607
633,8581,33847
634,8634,195305
635,8560,33960
636,10205,38458
637,8370,193223
638,10205,38458
639,10205,38458
640,9783,121872
641,8696,188531
642,8696,188531
643,9783,121872
644,10268,108572
645,8634,154257
646,8633,34029
647,8560,33959
648,8633,34029
649,8560,33959
650,7878,112205
651,8634,38818
652,8696,18664
653,8634,154257
654,8371,191906
655,9906,56678
656,9906,56678
657,8633,230982
658,9869,75608
659,9910,18673
660,8315,159881
661,8696,33884
662,8370,303484
663,8315,411617
664,10267,77741
665,10268,193930
666,8634,37482
667,9783,37451
668,8633,25921
669,8370,38148
670,8302,112205
671,9783,37451
672,8603,161651
673,8581,40721
674,10267,30890
675,8371,33874
676,8603,33655
677,8560,38540
678,9864,112758
679,8371,33874
680,10205,182921
681,10267,174321
682,9906,178955
683,7878,2752
684,9783,74989
685,9867,37970
686,8603,45237
687,8394,22928
688,8696,33828
689,8305,37479
690,8581,282473
691,8315,37604
692,9783,39331
693,8305,209950
694,8370,172147
695,10267,37479
696,8603,37426
697,10268,102630
698,8302,33848
699,8315,191136
700,9906,309334
701,10278,33609
702,10267,26403
703,8372,246218
704,8633,34029
705,10205,298157
706,8479,37423
707,8558,190452
708,8558,190452
709,8603,38025
710,9906,41167
711,8305,37622
712,8305,37622
713,9906,34103
714,9864,163236
715,8305,100033
716,9864,163236
717,10267,391058
718,8371,66633
719,8371,183347
720,9864,11758
721,9864,11758
722,9783,41167
723,9865,150296
724,9865,37622
725,7878,110331
726,8302,33848
727,9865,115229
728,8388,74721
729,8302,33848
730,8372,202553
731,9869,75354
732,10281,2790
733,8371,173885
734,9906,40139
735,9869,74752
736,9906,40139
737,8633,29590
738,8558,52004
739,7878,215927
740,8661,32656
741,9865,38469
742,9910,33747
743,8479,38036
744,9869,359191
745,9783,40668
746,8558,32766
747,8634,39854
748,8305,32999
749,10267,2802
750,9906,37631
751,9906,39792
752,9906,25924
753,9906,25924
754,10267,2802
755,8302,306407
756,7878,282713
757,9910,49847
758,8394,150045
759,8696,26535
760,8371,50027
761,8558,24099
762,9910,39215
763,8581,46836
764,8634,30955
765,8371,231811
766,10267,134236
767,8634,154257
768,8581,37441
769,8696,163830
770,8661,5243
771,8371,33870
772,9783,37793
773,8479,75474
774,9910,72623
775,9783,37793
776,8661,41718
777,10267,93480
778,8305,78404
779,9868,102912
780,9910,72623
781,8394,34601
782,8315,45749
783,9906,184533
784,8581,46621
785,8315,45749
786,8633,42346
787,9864,37436
788,8560,33997
789,9906,184533
790,9864,102612
791,8315,37410
792,9864,102612
793,8370,75004
794,8560,99047
795,8603,605654
796,8305,38431
797,10205,30958
798,10268,446266
799,10267,37824
800,9906,434325
801,8633,95078
802,8315,181297
803,8633,95078
804,8315,43375
805,8558,186121
806,8558,186121
807,7878,43372
808,8661,193978
809,8370,74747
810,8388,102374
811,7878,170667
812,8581,105351
813,8558,186121
814,9910,49836
815,9868,151079
816,8370,256727
817,9906,33871
818,7878,40004
819,8370,40501
820,10268,56972
821,9869,40956
822,8603,37666
823,8581,39834
824,8558,33773
825,8302,111237
826,10281,33586
827,8305,154256
828,8302,111237
829,9910,205034
830,9783,2805
831,8633,30889
832,8633,23988
833,7869,29904
834,10205,37478
835,10205,42479
836,10267,93480
837,10205,42479
838,8315,33869
839,9864,37450
840,9910,102619
841,9910,428947
842,8560,33997
843,10267,26146
844,9864,102612
845,8372,298940
846,8661,167376
847,10267,75307
848,9906,309334
849,8603,317569
850,9869,40956
851,8558,165706
852,8302,30443
853,8634,212472
854,8370,10348
855,8305,75192
856,8603,170365
857,8558,88986
858,9783,166111
859,9864,128870
860,9910,30477
861,9906,25924
862,9906,112758
863,8558,58294
864,8560,75342
865,8558,150330
866,8581,75619
867,8558,150330
868,10267,213729
869,8370,209362
870,9864,37450
871,8305,40501
872,10281,75398
873,8394,37654
874,8371,183350
875,8302,282281
876,9783,208926
877,8371,183350
878,10267,158263
879,8633,30893
880,8633,30893
881,9910,49836
882,9869,38004
883,9864,37824
884,8372,37474
885,9864,193226
886,10268,198607
887,9869,38004
888,8603,282470
889,8302,213805
890,9783,37441
891,8305,240054
892,8634,26146
893,9869,97334
894,8634,26146
895,7869,175305
896,8302,71353
897,9864,38822
898,10268,500791
899,9864,46120
900,9865,45605
901,8388,38550
902,9864,23779
903,8633,31921
904,10205,359197
905,8305,167027
906,10268,40719
907,8558,159598
908,10267,37824
909,8581,38489
910,8305,389202
911,8370,282470
912,7878,43372
913,10268,33773
914,8479,114339
915,9864,56686
916,7878,101419
917,9869,38004
918,8661,183327
919,9783,186748
920,8302,46295
921,8633,30655
922,8560,56686
923,9906,26310
924,8315,30277
925,9864,562062
926,9906,30663
927,10267,39122
928,8558,30663
929,10267,150649
930,10205,75474
931,8558,38578
932,8371,37489
933,8371,30744
934,8696,149584
935,10267,30909
936,8581,384413
937,8305,38573
938,9868,111033
939,8558,213500
940,8560,128732
941,8634,30981
942,8371,37497
943,8696,38382
944,8633,30960
945,8394,38136
946,9864,474671
947,8633,30893
948,8634,33639
949,8696,149584
950,8633,213501
951,10267,241825
952,8603,96652
953,8696,33840
954,8371,38887
955,9906,19243
956,9783,33852
957,9864,32763
958,7878,151058
959,10267,39122
960,8315,213470
961,8315,33028
962,7878,495841
963,8581,33892
964,8305,102572
965,8603,2983
966,10278,42714
967,8302,75310
968,10205,38551
969,9865,80500
970,8394,102572
971,8633,26166
972,8302,18784
973,9869,75354
974,9864,30646
975,10268,198583
976,8634,19533
977,8634,19533
978,8581,39474
979,10267,37506
980,8302,161660
981,9783,34956
982,8370,38367
983,8560,99054
984,9783,37845
985,8634,213704
986,8388,75579
987,8558,416409
988,9906,33018
989,8302,38467
990,10268,543312
991,8371,183347
992,8370,302823
993,8633,30649
994,8661,299981
995,8581,30977
996,8302,358142
997,10267,358289
998,8558,182928
999,9864,193226
1000,9869,75371
1001,8558,254702
1002,8696,26535
1003,10205,213922
1004,8558,629579
1005,9864,24612
1006,10267,150770
1007,8560,56686
1008,9864,30646
1009,8315,96620
1010,8315,213470
1011,7869,37845
1012,8315,108809
1013,10267,109222
1014,8633,41466
1015,9864,28955
1016,10267,185644
1017,8370,37456
1018,9910,396526
1019,8560,245555
1020,8560,245555
1021,7878,13033
1022,8302,71498
1023,8302,71498
1024,10268,37579
1025,8305,75390
1026,8315,261787
1027,8302,71498
1028,8633,30657
1029,8315,261787
1030,7878,104986
1031,8394,30664
1032,8371,24591
1033,8305,33845
1034,8371,24591
1035,8696,41708
1036,8558,113695
1037,8558,113695
1038,8558,113695
1039,8370,113695
1040,8315,96618
1041,10205,41466
1042,10205,41466
1043,10205,41466
1044,8581,213504
1045,8370,192064
1046,7869,246422
1047,8581,213504
1048,8302,97498
1049,10267,33845
1050,10267,33845
1051,8634,32657
1052,8603,40648
1053,8603,38805
1054,8661,37511
1055,8633,40648
1056,10281,51341
1057,8581,287691
1058,8581,287691
1059,8633,37442
1060,8603,33733
1061,8634,195305
1062,8661,260659
1063,9910,360918
1064,8305,201916
1065,10205,79737
1066,8315,170341
1067,10205,160844
1068,7878,108572
1069,8315,242151
1070,8371,21450
1071,8302,96616
1072,8302,96616
1073,8372,150735
1074,8302,112205
1075,8302,112205
1076,8603,239964
1077,9910,183462
1078,10267,74403
1079,10267,74403
1080,10267,74403
1081,8581,35988
1082,8370,406257
1083,8581,42312
1084,7869,280638
1085,8603,37667
1086,8371,72541
1087,9864,11758
1088,10267,150739
1089,8634,189192
1090,9865,260659
1091,9906,33636
1092,8302,242783
1093,8302,242783
1094,9906,33636
1095,8302,37479
1096,9906,33636
1097,8661,103904
1098,8558,230993
1099,9906,30689
1100,8634,33992
1101,9906,30689
1102,8305,164852
1103,8634,34304
1104,8315,181297
1105,8581,179407
1106,8302,189192
1107,8696,75606
1108,8696,75606
1109,10278,37470
1110,9783,33756
1111,9783,111190
1112,9783,111190
1113,9783,33756
1114,10281,33022
1115,8370,420568
1116,8560,33959
1117,8634,38818
1118,8388,102614
1119,8371,11778
1120,8315,38540
1121,10205,167623
1122,8634,38818
1123,8634,30891
1124,8315,33024
1125,8315,33024
1126,10267,77741
1127,9869,75395
1128,9869,75395
1129,9783,34104
1130,9865,280485
1131,9865,75306
1132,9864,28439
1133,9906,30903
1134,9865,113311
1135,8302,38385
1136,9783,191906
1137,8306,11736
1138,8315,182224
1139,10267,30752
1140,8560,28284
1141,8560,28284
1142,8370,37443
1143,10267,30666
1144,9906,19327
1145,8603,150731
1146,8696,37879
1147,8394,33582
1148,10205,79737
1149,9864,188517
1150,8394,33582
1151,8696,37879
1152,9865,74663
1153,7869,213714
1154,9906,56678
1155,8603,2977
1156,9910,213812
1157,9864,188517
1158,8558,70891
1159,8603,45237
1160,9906,30750
1161,8305,37427
1162,8305,37479
1163,8560,282676
1164,8560,282676
1165,8581,127894
1166,9864,477471
1167,8394,41464
1168,8479,57057
1169,8302,30866
1170,9906,160599
1171,10281,41166
1172,7878,213823
1173,10281,74302
1174,9869,75395
1175,8558,40001
1176,9910,172948
1177,9864,41707
1178,8696,37879
1179,8370,40220
1180,8634,30891
1181,10267,173427
1182,7878,2752
1183,9869,162497
1184,10268,74757
1185,8305,37427
1186,8302,33848
1187,8560,47565
1188,8388,74435
1189,9864,45244
1190,8306,183497
1191,8371,38521
1192,8372,150735
1193,10205,160844
1194,8603,38025
1195,8560,47565
1196,8633,28467
1197,8581,70949
1198,8696,74435
1199,8696,74435
1200,8634,150739
1201,8302,41092
1202,8302,41092
1203,8634,150739
1204,7869,128360
1205,8634,34304
1206,8634,34304
1207,9869,162497
1208,8479,99333
1209,9867,74721
1210,8581,37484
1211,7869,244136
1212,8315,74990
1213,10267,150739
1214,8479,38035
1215,10267,173427
1216,10267,150739
1217,10205,571685
1218,10205,58499
1219,10205,571685
1220,9783,34104
1221,9865,150735
1222,8306,292262
1223,9864,282472
1224,10281,40675
1225,8372,434404
1226,9864,282472
1227,8633,208494
1228,8302,251925
1229,10205,37480
1230,9906,105827
1231,10268,74771
1232,8560,205278
1233,8633,30889
1234,8315,150323
1235,8315,150323
1236,8603,183350
1237,8581,111237
1238,8581,111237
1239,10267,39782
1240,8696,150647
1241,9906,150093
1242,9906,150093
1243,8633,30889
1244,8633,30889
1245,8370,49866
1246,10267,39782
1247,8661,103904
1248,10205,262592
1249,10281,18395
1250,9865,280276
1251,8302,154232
1252,8302,154232
1253,9869,30273
1254,8305,32999
1255,9869,30273
1256,10267,30666
1257,8633,18814
1258,10267,30666
1259,9868,33929
1260,9869,30273
1261,8633,18814
1262,8560,282678
1263,9869,78404
1264,9864,38151
1265,8603,42173
1266,8634,39792
1267,7878,213711
1268,10267,74747
1269,7878,4902
1270,10281,183346
1271,9868,75615
1272,9865,37419
1273,8560,282678
1274,10267,74747
1275,7878,213711
1276,8581,150632
1277,8558,16230
1278,8696,35638
1279,9906,316771
1280,7878,238841
1281,10205,562062
1282,8696,46836
1283,8696,46836
1284,9783,33758
1285,8315,30287
1286,9864,112758
1287,9864,18483
1288,10278,96852
1289,8370,36130
1290,8302,39106
1291,7878,40004
1292,9864,112758
1293,8315,30287
1294,7869,75331
1295,8696,46836
1296,7869,193937
1297,8581,154256
1298,8560,40428
1299,8581,154256
1300,8302,26336
1301,8633,42346
1302,9865,6853
1303,9865,6853
1304,8305,38431
1305,8633,42346
1306,8634,30613
1307,8661,38160
1308,9906,37411
1309,8371,71619
1310,8302,95509
1311,9865,362855
1312,8302,38139
1313,10267,75307
1314,8305,34381
1315,9783,30271
1316,8558,24852
1317,8305,34381
1318,9906,33635
1319,8661,39198
1320,8479,37448
1321,8696,33892
1322,10267,361770
1323,10267,361770
1324,7878,282713
1325,8388,38008
1326,9906,354467
1327,9783,189178
1328,10205,38362
1329,8634,96643
1330,7869,202610
1331,8581,364244
1332,8370,256727
1333,8581,364244
1334,9783,97488
1335,9910,213486
1336,8696,314820
1337,9906,37411
1338,8315,164676
1339,8315,411616
1340,9910,292454
1341,8696,32999
1342,9864,683450
1343,8306,46621
1344,10267,166111
1345,8315,96619
1346,9906,72623
1347,8634,154257
1348,8305,37471
1349,9783,189178
1350,9869,74770
1351,8371,231811
1352,9869,150480
1353,8661,37411
1354,9864,150491
1355,8370,43372
1356,8696,35638
1357,8558,186748
1358,9864,193226
1359,8696,35638
1360,8305,323438
1361,9910,71602
1362,8370,270774
1363,9906,39792
1364,9865,38581
1365,8315,96619
1366,9783,38573
1367,10281,75376
1368,8558,24852
1369,8633,26166
1370,9783,37446
1371,8633,26166
1372,8558,184536
1373,8560,75342
1374,9865,93480
1375,8603,158263
1376,9869,541558
1377,9864,432591
1378,9864,432591
1379,8315,179772
1380,8315,571615
1381,8558,37469
1382,8315,102623
1383,7878,37446
1384,9867,40600
1385,10205,24123
1386,9783,33761
1387,10278,175311
1388,8372,280528
1389,8558,254702
1390,8306,33761
1391,8370,210065
1392,8370,96838
1393,8371,183350
1394,9869,37425
1395,9783,33761
1396,8394,196188
1397,10281,33729
1398,9865,26554
1399,10205,47373
1400,8302,38821
1401,8633,30893
1402,8302,101422
1403,8634,30909
1404,10267,150649
1405,9864,43310
1406,8603,2983
1407,8696,41157
1408,8372,75616
1409,8558,37429
1410,10267,39122
1411,8634,213704
1412,8302,38139
1413,8633,42714
1414,8634,150250
1415,8696,46295
1416,8371,18784
1417,8371,23853
1418,8371,23853
1419,8696,58294
1420,8603,30698
1421,9783,37446
1422,8633,26166
1423,10268,128732
1424,8302,103450
1425,8302,33989
1426,9906,38460
1427,9906,38460
1428,8302,33989
1429,8302,33989
1430,8560,150831
1431,8634,96643
1432,8696,33891
1433,8603,18164
1434,7878,151058
1435,8315,150832
1436,10268,183327
1437,9906,189922
1438,8696,38567
1439,8305,213489
1440,8661,193224
1441,9868,49672
1442,9865,280483
1443,8370,19243
1444,9864,24168
1445,8371,108809
1446,8581,41622
1447,10278,37497
1448,9783,37452
1449,8558,213489
1450,9865,196188
1451,9783,495107
1452,8581,115798
1453,9864,43310
1454,8305,150770
1455,8315,102623
1456,8305,115798
1457,8302,33030
1458,8371,38551
1459,8305,213489
1460,10267,40958
1461,8633,25759
1462,8581,2796
1463,8634,172116
1464,9906,299984
1465,10205,183440
1466,8305,75397
1467,10205,167623
1468,8302,37479
1469,7869,518664
1470,10281,80295
1471,9783,40951
1472,8603,317569
1473,10268,37498
1474,8560,41156
1475,8558,215584
1476,8306,128721
1477,10281,71563
1478,10205,150872
1479,10205,150872
1480,8302,198566
1481,10205,183184
1482,8302,163205
1483,10205,169196
1484,8560,478391
1485,10268,101982
1486,8603,33668
1487,8479,12005
1488,8558,24852
1489,9910,71498
1490,8661,37439
1491,8305,33845
1492,8633,36622
1493,9869,75195
1494,8634,33732
1495,8394,33644
1496,9869,75195
1497,9869,75195
1498,9783,33018
1499,9783,33018
1500,8634,33732
1501,9864,28955
1502,8603,169756
1503,8633,41466
1504,8560,37421
1505,8560,37421
1506,8370,37456
1507,10281,75390
1508,8560,38536
1509,10267,109222
1510,10267,96613
1511,8633,51949
1512,10267,489240
1513,10267,96613
1514,8633,51949
1515,8315,33764
1516,8388,75195
1517,8603,46531
1518,8633,30657
1519,8302,41466
1520,9869,33630
1521,8634,32657
1522,8603,196126
1523,8302,97498
1524,8302,191906
1525,7878,37470
1526,8634,33988
1527,9865,75239
1528,9906,38424
1529,9906,38424
1530,8315,191140
1531,8371,72542
1532,8558,314947
1533,10267,35324
1534,8302,33992
1535,10267,35324
1536,8633,23988
1537,10205,183185
1538,9906,299984
1539,10205,183185
1540,8560,201111
1541,8633,29590
1542,8603,38064
1543,8661,74663
1544,8558,185123
1545,8370,183449
1546,8558,185123
1547,8302,28439
1548,10281,37597
1549,8634,33992
1550,8302,28439
1551,8661,68260
1552,8603,41923
1553,8394,28907
1554,8305,37470
1555,8603,31303
1556,9910,360918
1557,9868,75609
1558,8661,167376
1559,8633,282674
1560,8315,33025
1561,8633,282674
1562,9783,103905
1563,8371,21450
1564,9783,103905
1565,10267,41667
1566,8633,213499
1567,10267,361757
1568,8302,151063
1569,9910,183462
1570,8302,151063
1571,10267,361757
1572,8581,35988
1573,8581,42312
1574,8560,56846
1575,9864,33843
1576,8560,56846
1577,8581,466672
1578,8633,37442
1579,9867,38451
1580,10267,184999
1581,10281,41166
1582,9869,580589
1583,8370,34104
1584,8603,150731
1585,8581,37672
1586,9865,6864
1587,8370,34104
1588,8633,230982
1589,8661,167376
1590,9865,6864
1591,9906,32675
1592,8558,70891
1593,8558,38385
1594,8388,38561
1595,8305,37479
1596,8315,33993
1597,8661,68260
1598,9865,37622
1599,8315,182224
1600,9865,18501
1601,8305,182456
1602,8302,33812
1603,8633,25921
1604,8371,17875
1605,8634,37482
1606,8388,75197
1607,8633,213499
1608,10267,361710
1609,8661,97491
1610,8581,33847
1611,8581,33847
1612,8371,33607
1613,10205,113672
1614,8633,37581
1615,8633,37581
1616,10281,37440
1617,8633,34029
1618,9906,114044
1619,9864,37787
1620,7878,24630
1621,8560,33959
1622,8305,80497
1623,9906,114044
1624,8315,159881
1625,8633,30962
1626,8315,159881
1627,8371,37718
1628,8371,37718
1629,8302,38138
1630,9910,41568
1631,8371,37718
1632,8633,30962
1633,9783,169195
1634,10267,184999
1635,8560,33960
1636,8560,33960
1637,9868,74989
1638,8558,70812
1639,10205,280638
1640,9869,33895
1641,9783,33848
1642,10205,113672
1643,10205,113672
1644,8558,574200
1645,8603,111801
1646,9783,115519
1647,8581,37484
1648,8302,33848
1649,9783,74989
1650,10205,40599
1651,9906,114044
1652,8370,47547
1653,9906,56678
1654,8581,37672
1655,9864,41707
1656,7878,301456
1657,8370,172147
1658,10281,74302
1659,8370,37443
1660,8581,34575
1661,8581,34575
1662,9783,169195
1663,8302,33990
1664,9906,474589
1665,9869,74752
1666,8661,33893
1667,8581,70949
1668,9864,11758
1669,10267,26403
1670,10267,26403
1671,8370,99333
1672,9783,40068
1673,10267,26403
1674,8305,46391
1675,10268,260969
1676,9906,74435
1677,9864,38479
1678,9783,33893
1679,8371,183347
1680,9864,45244
1681,7878,148827
1682,8370,406257
1683,8370,2768
1684,9906,41167
1685,9906,41167
1686,8305,37622
1687,9783,74752
1688,10267,150735
1689,8315,191136
1690,8315,191136
1691,9783,115519
1692,8315,181297
1693,8581,173427
1694,8370,186121
1695,8371,42369
1696,8302,31014
1697,10281,38431
1698,7869,143795
1699,9906,33635
1700,10267,75307
1701,8603,102699
1702,7869,179404
1703,10205,38746
1704,8558,230993
1705,8633,164684
1706,8603,37824
1707,8633,164684
1708,8603,161651
1709,8394,32043
1710,8634,30613
1711,10205,268282
1712,8394,32043
1713,9906,33632
1714,8661,37491
1715,8305,38431
1716,8560,99047
1717,7878,238841
1718,8371,30744
1719,8558,498033
1720,8302,38821
1721,8603,2805
1722,8603,52563
1723,8302,39106
1724,9869,242477
1725,9869,242477
1726,10267,134236
1727,8306,105925
1728,8634,154257
1729,10267,134236
1730,8558,30851
1731,8305,75192
1732,9869,74744
1733,8305,75192
1734,8372,433311
1735,8581,513086
1736,10278,38475
1737,8603,154256
1738,9869,287689
1739,9869,33887
1740,8633,30878
1741,8372,433311
1742,8634,39854
1743,8305,32999
1744,9783,25924
1745,8581,38475
1746,9906,18518
1747,8302,37202
1748,8696,183184
1749,8633,23988
1750,7878,38044
1751,9865,113627
1752,8302,34182
1753,8305,167027
1754,10281,33586
1755,8633,23988
1756,8560,102622
1757,8302,34182
1758,8560,102622
1759,9865,113627
1760,8371,33773
1761,8305,78404
1762,10278,18376
1763,8581,24132
1764,8661,37631
1765,9910,242469
1766,9864,37450
1767,8371,38424
1768,9783,37449
1769,8560,33973
1770,8394,178802
1771,8696,42321
1772,8634,36615
1773,8560,33973
1774,9865,46384
1775,8633,30840
1776,8696,42321
1777,10281,40675
1778,8603,282470
1779,8560,37416
1780,8696,37512
1781,8302,33991
1782,8370,74747
1783,8661,193978
1784,8696,37512
1785,8603,169196
1786,8558,186121
1787,8581,42873
1788,9864,193226
1789,8696,37512
1790,8302,33759
1791,9906,33871
1792,9910,292454
1793,8633,32765
1794,9864,154256
1795,10281,33588
1796,10205,193978
1797,8634,189101
1798,8302,38131
1799,8603,531629
1800,10205,193978
1801,8634,189101
1802,8661,172948
1803,8581,513086
1804,8306,213729
1805,10268,213816
1806,10205,42479
1807,8370,75004
1808,9910,40775
1809,9864,37824
1810,8370,256727
1811,10281,183346
1812,10268,30273
1813,9906,108568
1814,10267,324578
1815,7878,103424
1816,9910,466132
1817,8634,30955
1818,8634,30955
1819,10267,39122
1820,8558,68411
1821,8305,240054
1822,8305,33762
1823,9864,474672
1824,8371,183350
1825,10268,302912
1826,9865,41469
1827,10281,154259
1828,8315,164676
1829,8371,30744
1830,8370,213711
1831,9865,46384
1832,7878,369859
1833,7878,129326
1834,8633,150330
1835,8634,189101
1836,8394,70865
1837,8560,407786
1838,9783,213702
1839,8558,159598
1840,7878,213702
1841,8603,282467
1842,8560,75342
1843,8560,99047
1844,8634,477615
1845,9867,75354
1846,8581,74734
1847,8634,154259
1848,10205,88986
1849,10281,75376
1850,8371,18784
1851,10267,50661
1852,10267,46384
1853,8370,161015
1854,10267,150649
1855,10281,71563
1856,8370,150770
1857,9869,474448
1858,8302,75310
1859,8634,26434
1860,9906,31235
1861,8315,179772
1862,8560,99054
1863,8305,33778
1864,10267,324578
1865,8634,213704
1866,7878,38136
1867,8371,37489
1868,8633,30893
1869,10267,10348
1870,9906,30832
1871,10267,10348
1872,9864,38822
1873,10267,41468
1874,9864,38822
1875,10267,46384
1876,8315,112204
1877,8634,30981
1878,8581,74734
1879,8371,33641
1880,8634,30981
1881,8315,573793
1882,8581,25462
1883,7878,40957
1884,9869,282689
1885,8558,75194
1886,8558,75194
1887,8305,102572
1888,9865,43329
1889,10205,517941
1890,9865,11555
1891,10267,432463
1892,7878,49836
1893,8388,46211
1894,9910,32995
1895,10205,38044
1896,8581,476769
1897,8302,166648
1898,8661,33028
1899,8370,38367
1900,9865,43329
1901,8661,25574
1902,8661,25574
1903,7869,599425
1904,9869,24383
1905,9906,75447
1906,8372,177475
1907,8603,2983
1908,8394,114672
1909,8302,75310
1910,8302,75310
1911,8634,30981
1912,10267,33028
1913,8302,34106
1914,7878,161291
1915,7878,161291
1916,8394,38136
1917,8302,359197
1918,8371,179009
1919,8633,36784
1920,10267,33028
1921,9910,213653
1922,8305,37506
1923,9906,358127
1924,8558,32764
1925,9906,19243
1926,8558,291425
1927,9868,102619
1928,10205,201939
1929,8315,639150
1930,10267,37506
1931,10267,37506
1932,8370,39711
1933,9783,40958
1934,8603,38751
1935,9864,215768
1936,8560,46289
1937,8560,46289
1938,8315,282460
1939,8306,190669
1940,8305,150770
1941,8560,99054
1942,8302,516854
1943,8371,179009
1944,8634,154259
1945,7878,101419
1946,9869,41294
1947,9869,41294
1948,8558,43329
1949,9869,34582
1950,9869,41294
1951,8371,96615
1952,9869,34582
1953,9864,183479
1954,9783,33753
1955,8603,33827
1956,9869,183701
1957,8394,193533
1958,8315,33993
1959,8315,242151
1960,8371,72542
1961,8315,154938
1962,8371,33867
1963,8371,287226
1964,10278,37455
1965,8603,38243
1966,8370,215079
1967,8560,478390
1968,8302,268207
1969,8661,19372
1970,10205,183479
1971,7878,157859
1972,9910,638029
1973,8661,193978
1974,9864,408994
1975,9783,192923
1976,8633,37576
1977,8370,150770
1978,8634,26434
1979,8558,37871
1980,9869,34582
1981,8661,28955
1982,9867,19277
1983,9865,37656
1984,8696,97865
1985,8394,25735
1986,8696,37579
1987,8634,184554
1988,9864,31047
1989,8661,37511
1990,9783,32678
1991,8633,40648
1992,10281,47566
1993,10268,101983
1994,7878,163843
1995,9865,96613
1996,9865,96613
1997,7878,37579
1998,10205,210164
1999,7878,74736
2000,8558,113695
2001,8305,33845
2002,8394,30664
2003,8371,74736
2004,7878,101590
2005,8560,37421
2006,9864,28955
2007,9906,30664
2008,9864,28955
2009,8634,33732
2010,8315,96618
2011,8315,96618
2012,8634,37421
2013,8634,37421
2014,8302,33986
2015,8634,213688
2016,8370,183449
2017,8558,185123
2018,8634,33992
2019,9783,70891
2020,8696,33896
2021,9906,37413
2022,8696,33896
2023,8302,39562
2024,8302,39562
2025,10205,183185
2026,10205,30279
2027,8661,103904
2028,8558,183331
2029,8558,183331
2030,9783,167069
2031,10267,318526
2032,9864,36400
2033,8633,208077
2034,9869,150480
2035,10205,24970
2036,10281,35324
2037,8661,33856
2038,8634,30661
2039,8371,72542
2040,8661,37350
2041,9783,33756
2042,10281,43374
2043,9783,111190
2044,8394,111885
2045,8633,41470
2046,8603,30750
2047,9783,30752
2048,8371,21450
2049,8603,186991
2050,8558,113318
2051,8581,33856
2052,8581,37597
2053,8581,37597
2054,8558,45440
2055,8558,45440
2056,9869,74743
2057,8372,280638
2058,7878,46407
2059,8315,242151
2060,8315,170341
2061,9910,74169
2062,8305,33634
2063,9783,150081
2064,8305,107930
2065,8696,42310
2066,8603,12454
2067,8560,33960
2068,9869,201918
2069,10267,34007
2070,10267,34007
2071,10267,34007
2072,8315,33024
2073,8558,28439
2074,8371,38534
2075,8302,41667
2076,7878,150080
2077,10268,74435
2078,9910,479217
2079,8315,182224
2080,9865,18501
2081,8394,27668
2082,8315,182224
2083,8315,182224
2084,9865,18501
2085,9864,25913
2086,9869,315227
2087,10205,80497
2088,8302,112205
2089,8560,33961
2090,8696,33885
2091,10205,113672
2092,10268,107929
2093,10281,38065
2094,8661,33849
2095,8479,37440
2096,9783,410656
2097,8305,188540
2098,7878,46407
2099,9864,41707
2100,8633,230982
2101,8315,242151
2102,9864,41707
2103,7869,309537
2104,8371,191906
2105,8603,150731
2106,9865,199839
2107,8661,33856
2108,8305,32675
2109,8661,33856
2110,9865,74404
2111,8634,38818
2112,10267,74672
2113,8558,37879
2114,9864,30692
2115,8603,45237
2116,8305,155050
2117,9864,42168
2118,7878,2752
2119,8558,230993
2120,8558,230993
2121,9783,70891
2122,9865,157869
2123,8581,30276
2124,7869,213812
2125,8603,26345
2126,8696,128037
2127,8696,128037
2128,8581,30276
2129,9864,5233
2130,10267,318526
2131,8302,40940
2132,8634,195305
2133,7878,213823
2134,10267,30994
2135,8371,33865
2136,9864,181203
2137,10205,2768
2138,10267,30994
2139,10205,56678
2140,8302,77741
2141,10205,177503
2142,9910,18673
2143,10267,77741
2144,8305,112205
2145,8370,303484
2146,8634,30740
2147,8394,34005
2148,8581,37916
2149,8581,18673
2150,9783,34104
2151,8634,33992
2152,8305,518240
2153,8305,37449
2154,8696,80497
2155,7878,293074
2156,10267,26403
2157,10267,74672
2158,10267,74672
2159,9864,79742
2160,8634,30738
2161,8603,172147
2162,9783,150328
2163,9865,26886
2164,10267,192770
2165,8394,27668
2166,10205,150737
2167,8315,411617
2168,8372,163971
2169,9864,41707
2170,9864,38842
2171,7878,477604
2172,8581,37484
2173,8581,37484
2174,8661,33861
2175,8661,33861
2176,8315,74990
2177,8305,75397
2178,8315,74990
2179,8633,28467
2180,8633,28467
2181,9910,280890
2182,9864,36400
2183,9783,167069
2184,8633,29590
2185,8558,52004
2186,9906,46297
2187,9906,41167
2188,8603,38025
2189,9864,38842
2190,8370,163205
2191,8315,154938
2192,8558,358138
2193,8634,213702
2194,8558,33767
2195,8696,41196
2196,10205,150737
2197,8558,358138
2198,8315,96617
2199,10205,474672
2200,8603,166702
2201,9864,112758
2202,8315,164676
2203,8315,33866
2204,9864,39198
2205,8315,33866
2206,9865,4902
2207,8302,39106
2208,8302,38151
2209,8305,24383
2210,8603,317569
2211,9864,238841
2212,8305,30468
2213,10267,32761
2214,8581,105351
2215,9864,238841
2216,8603,535600
2217,8305,37449
2218,8661,39198
2219,9869,33611
2220,8603,33665
2221,8315,96619
2222,9906,33635
2223,9864,33872
2224,8302,34000
2225,8305,2805
2226,8305,37469
2227,10205,88986
2228,9783,33588
2229,10268,40668
2230,10281,33586
2231,8603,38889
2232,8581,111237
2233,9910,425985
2234,8315,179772
2235,8305,75619
2236,8302,309537
2237,9906,31235
2238,9910,205034
2239,10268,279173
2240,8581,166111
2241,8315,179772
2242,8633,31097
2243,9869,202639
2244,10205,37480
2245,8633,31097
2246,8633,205278
2247,8305,78404
2248,8633,41156
2249,9783,474680
2250,10205,37436
2251,10205,37436
2252,8633,41156
2253,8661,56686
2254,8306,213916
2255,8305,37474
2256,8661,56686
2257,9906,30871
2258,8581,46836
2259,8558,107930
2260,10267,38701
2261,8558,107930
2262,9783,37447
2263,7878,49866
2264,8603,214449
2265,8371,231811
2266,9865,11555
2267,9910,33747
2268,10267,30666
2269,9865,38581
2270,9783,151079
2271,9868,107930
2272,8394,33635
2273,8394,33635
2274,9864,186122
2275,10267,30994
2276,10281,143795
2277,9906,39792
2278,8370,75004
2279,8661,38160
2280,8633,191315
2281,8603,358127
2282,8633,30834
2283,7878,352887
2284,8558,58294
2285,8633,42346
2286,8661,38160
2287,8661,38160
2288,8634,30613
2289,8560,99047
2290,8633,30889
2291,9910,425985
2292,9906,171992
2293,8603,170365
2294,8315,179772
2295,8633,37259
2296,8371,50027
2297,8394,38403
2298,8371,26044
2299,8371,26044
2300,9906,30871
2301,8633,41156
2302,8634,154256
2303,8603,169196
2304,8305,77773
2305,8633,27365
2306,9783,33844
2307,10267,193869
2308,8370,40501
2309,8302,27671
2310,8305,75619
2311,8302,640725
2312,8633,281085
2313,8633,26166
2314,8305,75192
2315,7878,37548
2316,8305,240054
2317,7878,200630
2318,8394,38403
2319,8558,37455
2320,8302,26392
2321,10267,37459
2322,8305,37461
2323,7869,282060
2324,9783,37447
2325,10281,156097
2326,7878,489245
2327,7878,489245
2328,9906,38700
2329,8315,33866
2330,8633,25759
2331,8633,213501
2332,8581,384413
2333,8558,280920
2334,9783,114680
2335,10205,187150
2336,8633,191315
2337,9869,317567
2338,8560,361322
2339,8581,75619
2340,10267,213729
2341,8305,38573
2342,10267,193869
2343,8370,43372
2344,10268,37474
2345,8372,183498
2346,8305,37474
2347,8696,30827
2348,8696,292771
2349,8302,38821
2350,8371,38136
2351,8581,41294
2352,8581,42664
2353,8394,38379
2354,9783,31045
2355,8305,37469
2356,9910,174472
2357,9783,33761
2358,8661,56686
2359,8305,262592
2360,8371,30907
2361,9906,26310
2362,10281,94571
2363,8560,150649
2364,8315,37408
2365,8634,150250
2366,10267,32762
2367,8558,213489
2368,10205,38468
2369,8634,30981
2370,8370,41168
2371,9864,191873
2372,10278,74772
2373,10281,6911
2374,10205,205307
2375,8633,281085
2376,8696,184629
2377,8305,75619
2378,8305,150770
2379,8305,150770
2380,8394,38044
2381,8634,30626
2382,8305,150770
2383,9865,38241
2384,8558,37469
2385,9906,30909
2386,9783,164210
2387,8603,116750
2388,8371,38136
2389,8634,30909
2390,9867,75376
2391,8633,70409
2392,8305,40203
2393,8558,30663
2394,7878,151058
2395,10281,28468
2396,9864,35497
2397,8633,34602
2398,9906,19243
2399,8315,33030
2400,10205,38699
2401,10205,38699
2402,8696,74213
2403,10205,38699
2404,7878,101419
2405,9783,31045
2406,8479,18628
2407,8603,30646
2408,10205,41157
2409,9906,37412
2410,8581,150769
2411,7869,301809
2412,9910,96509
2413,8560,129918
2414,8371,108809
2415,8558,18705
2416,8558,18705
2417,8370,358127
2418,8558,213489
2419,9865,102631
2420,8305,102572
2421,9910,102619
2422,10205,246438
2423,9783,37446
2424,8581,38601
2425,8394,38044
2426,8394,38044
2427,8315,33028
2428,9783,41268
2429,8633,25759
2430,8634,30909
2431,8560,32764
2432,8633,25759
2433,8581,303088
2434,7878,33840
2435,10281,39142
2436,8302,30922
2437,8371,108809
2438,8661,40710
2439,8394,50048
2440,9783,18653
2441,8306,638105
2442,8696,97865
2443,8633,40648
2444,10267,192064
2445,9910,74721
2446,8560,56846
2447,8315,33021
2448,9906,30839
2449,8581,213820
2450,8302,95509
2451,8302,684723
2452,8305,213493
2453,8302,674492
2454,7878,110331
2455,8371,451941
2456,8558,282471
2457,10267,291131
2458,8633,41467
2459,8371,33832
2460,8558,150573
2461,8315,150323
2462,8581,183346
2463,8370,41163
2464,8661,21414
2465,9910,102631
2466,8394,194036
2467,8305,30992
2468,8603,47566
2469,7878,74736
2470,8581,51949
2471,9906,170323
2472,8558,25563
2473,8558,25563
2474,8661,37439
2475,9864,33826
2476,9864,96623
2477,8306,71498
2478,8315,33764
2479,8633,30657
2480,10205,38467
2481,9910,246201
2482,10267,96613
2483,8603,46531
2484,10268,68813
2485,8581,174030
2486,9906,37623
2487,10281,30990
2488,10281,74689
2489,8560,38536
2490,9868,75600
2491,8558,40672
2492,8634,32657
2493,9864,25563
2494,8370,37579
2495,8581,37656
2496,9867,2984
2497,8370,37579
2498,9865,33731
2499,9865,33731
2500,8661,32678
2501,8560,101590
2502,8305,38427
2503,9869,102394
2504,7869,38559
2505,8371,104986
2506,8372,33958
2507,10267,24494
2508,10267,24494
2509,9864,33827
2510,10268,101983
2511,7878,213809
2512,9906,38424
2513,8302,202553
2514,9865,150316
2515,8603,213688
2516,8581,477472
2517,8634,33988
2518,10205,113672
2519,8581,477472
2520,8558,185123
2521,8370,183449
2522,7869,178574
2523,8634,213688
2524,9865,31303
2525,8302,33848
2526,8558,24137
2527,9864,37488
2528,8370,183449
2529,8305,518240
2530,8558,185123
2531,8603,45440
2532,8633,359193
2533,8305,518240
2534,9864,37488
2535,10205,183185
2536,9869,384374
2537,10205,183185
2538,8560,102620
2539,10267,35324
2540,8305,33634
2541,9864,33843
2542,8394,37754
2543,8394,37754
2544,10205,574200
2545,8370,213814
2546,8560,33960
2547,10205,38458
2548,10281,79737
2549,8371,37422
2550,8302,151063
2551,8603,37657
2552,8633,30962
2553,8633,30962
2554,10205,33733
2555,10205,33733
2556,8661,24131
2557,10205,33733
2558,10268,74435
2559,8633,30962
2560,8372,33856
2561,8315,33025
2562,8315,33025
2563,8315,33025
2564,8372,170341
2565,8581,37597
2566,8603,31303
2567,9865,199839
2568,8633,230982
2569,8560,33960
2570,8315,33027
2571,8371,38151
2572,8633,34520
2573,8315,33027
2574,8302,40940
2575,8302,40940
2576,10205,2768
2577,8558,70812
2578,10205,574200
2579,10278,33715
2580,8558,33768
2581,8306,643570
2582,10267,182921
2583,8581,30276
2584,10267,318526
2585,10205,177503
2586,8394,73078
2587,8696,33884
2588,8315,159881
2589,8302,181984
2590,8315,37604
2591,10281,75392
2592,8633,30649
2593,8315,37604
2594,7869,170667
2595,8302,26255
2596,8370,33961
2597,9868,99333
2598,8558,121716
2599,8306,74989
2600,8372,33959
2601,7878,320686
2602,8372,173965
2603,8558,24099
2604,10278,37443
2605,8306,243781
2606,8370,182138
2607,10281,97486
2608,10205,113672
2609,8371,33874
2610,8560,38540
2611,8302,95509
2612,8634,37482
2613,8315,37410
2614,7878,213812
2615,9910,479217
2616,9783,37451
2617,8661,30276
2618,8633,25921
2619,10267,37479
2620,8603,37427
2621,10281,41016
2622,9865,40049
2623,10281,37672
2624,8633,230982
2625,9869,75608
2626,8558,121872
2627,8603,172147
2628,8633,30911
2629,9783,41167
2630,9906,32656
2631,9783,29580
2632,8603,39719
2633,10281,3316
2634,8305,37451
2635,8603,2768
2636,8315,154938
2637,10281,34575
2638,9906,41167
2639,8394,30852
2640,8603,445907
2641,8315,411617
2642,9910,192065
2643,8315,411617
2644,8315,37604
2645,9906,504606
2646,9910,46391
2647,8696,18664
2648,8696,18664
2649,8696,18664
2650,8302,202553
2651,9906,32656
2652,9906,47547
2653,8371,38507
2654,10281,2790
2655,9865,115229
2656,8315,191136
2657,9865,202553
2658,10281,238786
2659,8696,169198
2660,8603,163971
2661,9869,282689
2662,8560,162497
2663,8560,80295
2664,8560,80295
2665,8560,409005
2666,9906,34103
2667,8394,409005
2668,8633,213499
2669,8315,154938
2670,8305,111994
2671,8315,282461
2672,8305,209950
2673,8634,39854
2674,8371,38479
2675,8633,28467
2676,7878,40139
2677,9865,45605
2678,8558,52004
2679,8558,52004
2680,8633,29590
2681,8394,30698
2682,8305,52490
2683,8560,102622
2684,10267,108568
2685,8661,200630
2686,8370,2802
2687,8633,205278
2688,8633,31097
2689,10267,18814
2690,8603,102879
2691,8371,33870
2692,8371,33870
2693,8661,31498
2694,9868,37510
2695,10205,37480
2696,9864,37450
2697,9783,37793
2698,8634,26169
2699,8560,33973
2700,10267,93480
2701,8371,33870
2702,9864,39990
2703,8371,243163
2704,8305,240054
2705,9906,30871
2706,8634,30955
2707,9906,30663
2708,8581,46836
2709,7878,49866
2710,8558,107930
2711,8634,30955
2712,8302,108568
2713,8302,30443
2714,8634,154257
2715,8305,75192
2716,9906,38424
2717,9869,242477
2718,9864,39198
2719,8394,364244
2720,8302,49970
2721,8302,49970
2722,9864,33666
2723,8305,27420
2724,9865,202220
2725,8394,38575
2726,8394,102612
2727,10281,97490
2728,8394,369800
2729,10205,189101
2730,10267,37824
2731,8581,30271
2732,10205,189101
2733,8305,37449
2734,8372,213712
2735,7878,289278
2736,8603,4902
2737,10267,166111
2738,8370,75004
2739,8315,37410
2740,9867,5247
2741,9865,40049
2742,8370,75004
2743,9864,102612
2744,8560,99047
2745,9906,184533
2746,10205,30958
2747,8558,359193
2748,8315,37410
2749,8603,161651
2750,10205,30958
2751,8558,150330
2752,8633,46509
2753,10205,30958
2754,9906,37631
2755,8603,150644
2756,8634,39854
2757,10205,38433
2758,9906,112758
2759,8634,39854
2760,8372,34381
2761,10205,38433
2762,9864,24612
2763,9864,24612
2764,8558,47193
2765,10267,2802
2766,9865,38581
2767,8581,38449
2768,9868,18784
2769,7878,213912
2770,8634,26146
2771,8305,40668
2772,9910,39215
2773,8305,75192
2774,9906,31498
2775,9865,18384
2776,9864,56819
2777,8558,282475
2778,8315,604105
2779,8315,33871
2780,8603,319055
2781,8661,80492
2782,8315,30277
2783,7869,210065
2784,8305,78404
2785,9910,72623
2786,8394,31014
2787,9906,25924
2788,8560,102622
2789,9906,24217
2790,9865,254702
2791,8394,26519
2792,9906,33871
2793,8558,33773
2794,8305,24383
2795,9864,56819
2796,8581,384413
2797,8302,206679
2798,8558,38578
2799,8394,213707
2800,9783,43294
2801,8634,30955
2802,9864,11758
2803,8305,240054
2804,8302,30443
2805,8305,183482
2806,10278,31718
2807,9864,47563
2808,10268,358289
2809,8633,191315
2810,8633,46509
2811,9869,32865
2812,7878,183158
2813,8581,46621
2814,9869,32865
2815,8560,99047
2816,10281,40523
2817,8603,30840
2818,9906,45744
2819,8394,45457
2820,8372,213712
2821,8370,172324
2822,8560,33973
2823,8305,40501
2824,10281,36130
2825,10205,37478
2826,9865,251256
2827,9869,97334
2828,8370,41168
2829,8603,96652
2830,8560,56686
2831,8315,604105
2832,8302,33991
2833,9869,38004
2834,8560,150649
2835,8558,195589
2836,9865,45204
2837,10205,41157
2838,8372,42524
2839,9865,45605
2840,10205,38551
2841,8302,108568
2842,8302,37474
2843,9783,34956
2844,9906,30663
2845,8315,213470
2846,8315,239965
2847,8560,150649
2848,8633,36378
2849,8558,37441
2850,10281,41168
2851,9864,32763
2852,8302,46295
2853,8305,77773
2854,9910,49836
2855,9783,2857
2856,10267,46384
2857,8388,97226
2858,8315,441441
2859,10281,19243
2860,8633,30655
2861,8696,37845
2862,8634,30981
2863,8634,30981
2864,8696,97234
2865,8696,213498
2866,8633,41044
2867,9783,164238
2868,9869,102572
2869,8581,33872
2870,8302,101422
2871,8581,41294
2872,8581,52563
2873,8388,102002
2874,10267,30909
2875,9783,208926
2876,10205,358127
2877,7869,183521
2878,8305,183548
2879,8696,38382
2880,8558,58294
2881,8696,97234
2882,8696,38382
2883,7878,102572
2884,8581,41255
2885,10278,30728
2886,8558,41622
2887,9864,50473
2888,8558,41622
2889,8315,96620
2890,9783,37653
2891,8558,103424
2892,8302,26392
2893,8603,128298
2894,9783,37653
2895,8315,33028
2896,8560,46289
2897,8315,441441
2898,8371,38479
2899,8581,30922
2900,8370,111975
2901,9906,30853
2902,9906,30853
2903,8315,33028
2904,8302,26392
2905,8315,150832
2906,10281,111975
2907,10281,46808
2908,8370,38907
2909,9864,41622
2910,8302,115798
2911,8581,384413
2912,9864,46808
2913,8371,69166
2914,8394,8780
2915,8560,170775
2916,8633,281085
2917,9864,30646
2918,9783,215711
2919,9864,191873
2920,9869,97334
2921,8370,111975
2922,8633,635772
2923,7869,20645
2924,10267,109222
2925,8371,33958
2926,9906,150081
2927,9906,32656
2928,8696,49833
2929,8302,150764
2930,9869,74739
2931,8370,410424
2932,10281,41725
2933,8302,202553
2934,8394,73078
2935,9864,39198
2936,8302,46295
2937,8370,710807
2938,8603,282467
2939,9910,496054
2940,8370,231977
2941,8696,97508
2942,8696,213498
2943,9906,38886
2944,10267,31718
2945,8371,38479
2946,8371,37507
2947,8661,41718
2948,8661,38794
2949,8560,46289
2950,8371,104986
2951,9868,19435
2952,10205,41466
2953,8633,174030
2954,9865,33731
2955,8370,196126
2956,9906,96623
2957,8370,37656
2958,9906,96623
2959,8305,101920
2960,8372,74689
2961,8603,203527
2962,8394,37623
2963,8394,37623
2964,8558,80265
2965,8581,33753
2966,8581,33753
2967,10267,96613
2968,10278,47421
2969,8302,33986
2970,8302,71498
2971,9906,182917
2972,7878,74736
2973,8696,41708
2974,8371,24591
2975,9906,182917
2976,8581,51949
2977,8302,300532
2978,8302,300532
2979,10278,37511
2980,9906,186054
2981,9910,396526
2982,8560,38536
2983,7869,38148
2984,10267,35324
2985,9906,33636
2986,8633,28467
2987,8370,314947
2988,8372,449492
2989,8315,616544
2990,8305,195335
2991,8370,359194
2992,8370,359194
2993,8603,103905
2994,8603,45440
2995,9906,30689
2996,9868,75606
2997,8634,213688
2998,8479,42310
2999,8394,213695
3000,8305,41470
3001,8634,33992
3002,9783,33756
3003,9783,111190
3004,10267,25990
3005,9867,25753
3006,8581,127894
3007,9906,38424
3008,9869,150480
3009,9869,150480
3010,8371,72541
3011,9869,150480
3012,8306,74991
3013,8558,127370
3014,8558,107930
3015,8371,11778
3016,8634,30661
3017,10267,30914
3018,8302,151063
3019,9864,28439
3020,10267,195581
3021,8581,42312
3022,8315,33024
3023,8305,33634
3024,8305,37473
3025,9869,195335
3026,8661,151075
3027,8661,151075
3028,10267,30666
3029,8306,358339
3030,9865,74435
3031,8388,75199
3032,9865,74403
3033,9910,360918
3034,9910,360918
3035,8581,37597
3036,8633,30675
3037,8315,33025
3038,9865,38406
3039,8633,282674
3040,9865,99333
3041,8661,31731
3042,8633,213499
3043,8603,268273
3044,8305,18904
3045,9867,75353
3046,9906,30903
3047,9869,75395
3048,8633,30962
3049,8634,23678
3050,9783,34104
3051,9864,26805
3052,8305,75397
3053,8371,11778
3054,8372,242151
3055,8558,70812
3056,8371,33865
3057,7878,301456
3058,10281,150574
3059,9864,30459
3060,7878,25521
3061,8661,33849
3062,10281,33022
3063,9864,31312
3064,10205,34952
3065,8370,191906
3066,8305,37427
3067,8560,282676
3068,8370,183321
3069,9864,474668
3070,9864,41707
3071,8370,474673
3072,9906,19327
3073,8370,34104
3074,9865,74663
3075,9864,41707
3076,9906,474589
3077,9906,474589
3078,8394,257855
3079,8302,95509
3080,8302,95509
3081,8302,95509
3082,9868,38138
3083,8558,182921
3084,8315,182224
3085,10267,30752
3086,9869,38746
3087,8315,182224
3088,8394,33775
3089,8370,33898
3090,8634,30738
3091,8558,163971
3092,8302,30866
3093,10267,34008
3094,8581,37484
3095,8634,150739
3096,8581,37484
3097,8370,309334
3098,8661,291635
3099,7869,37434
3100,8558,182921
3101,8306,33963
3102,9869,150764
3103,8581,184091
3104,8581,184091
3105,8560,47565
3106,8633,28467
3107,8633,28467
3108,8394,33775
3109,8394,33775
3110,8558,75196
3111,10267,31045
3112,8370,165607
3113,9910,213694
3114,9910,213694
3115,10205,173885
3116,9869,162497
3117,8302,314605
3118,8634,33992
3119,9865,18664
3120,8633,42714
3121,9864,45244
3122,8371,38521
3123,8371,38521
3124,8661,202553
3125,8305,37468
3126,8372,213695
3127,8558,40599
3128,8634,150250
3129,8315,188060
3130,10267,40139
3131,9864,38521
3132,8394,150968
3133,8394,150968
3134,8394,150968
3135,8305,46391
3136,8558,163971
3137,8661,215405
3138,8558,163971
3139,8305,46391
3140,8603,215927
3141,8372,156097
3142,7869,474680
3143,8696,97319
3144,8305,37471
3145,9906,30871
3146,8305,37471
3147,10267,30448
3148,9783,189178
3149,9865,434325
3150,8305,37471
3151,8634,30955
3152,10205,38362
3153,9906,30871
3154,8634,39854
3155,8603,45749
3156,8302,30994
3157,8302,213502
3158,9783,51953
3159,8302,109621
3160,9869,17299
3161,9783,37480
3162,8633,18814
3163,9783,51953
3164,8302,25773
3165,9783,279173
3166,8560,102622
3167,8315,150323
3168,8696,287231
3169,10267,108568
3170,10267,108568
3171,8370,38575
3172,10267,108568
3173,8370,427893
3174,8560,205278
3175,8370,427893
3176,10205,193978
3177,10281,192841
3178,8394,11758
3179,8558,46836
3180,8634,242469
3181,9906,33635
3182,8370,186121
3183,9783,30271
3184,8558,24852
3185,8603,111801
3186,8370,186121
3187,8305,37449
3188,7878,43375
3189,9906,33635
3190,8634,25773
3191,8634,25773
3192,9906,38821
3193,9869,38746
3194,9906,38821
3195,9865,5243
3196,10205,268282
3197,8394,25560
3198,8696,30832
3199,8479,75398
3200,8558,33759
3201,8302,101422
3202,8315,30287
3203,7878,24099
3204,8696,32999
3205,10268,302912
3206,8696,32999
3207,9869,541557
3208,8560,282678
3209,9869,78404
3210,8696,35638
3211,9864,238841
3212,8603,33128
3213,8633,36378
3214,8372,187360
3215,8558,161651
3216,10205,517941
3217,10205,37480
3218,10205,37480
3219,8634,172949
3220,8558,161651
3221,8581,24132
3222,10205,37480
3223,8371,33870
3224,8634,172949
3225,9869,33889
3226,8394,24385
3227,9864,474672
3228,8371,33871
3229,10281,43374
3230,10205,268282
3231,8394,164676
3232,8394,164676
3233,8603,37441
3234,8633,46509
3235,9864,363363
3236,9864,238841
3237,9865,37419
3238,8603,154256
3239,9865,38581
3240,9865,38581
3241,8581,38550
3242,9869,202639
3243,9867,38131
3244,9864,30419
3245,9864,49866
3246,8305,40668
3247,9906,30871
3248,8388,150498
3249,10205,169196
3250,10267,474680
3251,10205,169196
3252,8372,449492
3253,8315,96619
3254,9783,198566
3255,8315,179772
3256,8315,179772
3257,8603,282467
3258,7878,150754
3259,8371,241747
3260,8633,36378
3261,8558,282474
3262,10281,56867
3263,8560,184138
3264,8603,187279
3265,10281,38471
3266,8302,38821
3267,8302,38821
3268,8305,24383
3269,8302,101422
3270,10267,282691
3271,9869,37425
3272,8581,37461
3273,8394,33762
3274,9864,191873
3275,8696,97319
3276,10278,37445
3277,9783,361792
3278,8558,246438
3279,9865,11555
3280,8603,102879
3281,7878,179795
3282,8371,38886
3283,9906,38821
3284,8661,38131
3285,9864,191315
3286,9910,213653
3287,8302,101422
3288,8581,301809
3289,8634,522579
3290,8371,75398
3291,8371,38363
3292,8661,25462
3293,8634,522579
3294,8305,37461
3295,8315,150832
3296,8315,150832
3297,8696,97319
3298,9864,43310
3299,8371,300623
3300,10205,25986
3301,8581,58294
3302,8633,150649
3303,9783,37452
3304,10267,46384
3305,9869,106600
3306,8634,96643
3307,8603,193226
3308,8560,33973
3309,8634,50047
3310,9869,202639
3311,9783,33761
3312,10281,33729
3313,8370,43372
3314,8581,25462
3315,8581,42873
3316,9864,206830
3317,8371,23853
3318,8696,33892
3319,10281,25347
3320,8696,33892
3321,7878,103139
3322,8581,2770
3323,8302,38139
3324,8634,40636
3325,8479,30897
3326,8634,40636
3327,8370,96509
3328,9864,51545
3329,8661,45204
3330,9864,51545
3331,8315,33030
3332,8603,202210
3333,10205,38044
3334,8661,25462
3335,8661,25462
3336,8302,166648
3337,9864,103139
3338,8315,150832
3339,9783,75474
3340,10205,25986
3341,8388,38136
3342,10205,25986
3343,8558,47552
3344,8633,208494
3345,8302,196188
3346,8302,33989
3347,10205,31020
3348,9906,38460
3349,9906,22543
3350,9910,130298
3351,7878,161291
3352,10267,359197
3353,8581,25462
3354,8394,40958
3355,9783,37446
3356,8305,213489
3357,10281,25551
3358,8560,46289
3359,8315,282460
3360,9869,106600
3361,9783,31010
3362,9864,37439
3363,9864,191873
3364,8302,34969
3365,8370,150644
3366,9869,574654
3367,8634,101590
3368,8558,113695
3369,8634,213688
3370,8372,242151
3371,8558,213490
3372,9906,213482
3373,8315,159881
3374,8560,241997
3375,9869,543020
3376,8581,30276
3377,10268,488710
3378,8305,37451
3379,10205,173885
3380,10267,34575
3381,8603,264293
3382,8394,37793
3383,8560,478390
3384,10205,169753
3385,9783,37448
3386,8560,173389
3387,7878,533227
3388,8581,38449
3389,8306,75001
3390,8315,171737
3391,8634,242469
3392,8581,38546
3393,8371,80555
3394,10205,675088
3395,8394,31318
3396,8696,150647
3397,9869,74770
3398,9869,202639
3399,8371,295200
3400,8479,96623
3401,8581,41292
3402,8581,211118
3403,9906,177126
3404,9906,177126
3405,8315,33764
3406,8302,33986
3407,8302,33986
3408,8302,33986
3409,9910,246201
3410,10281,74689
3411,10205,96623
3412,10205,96623
3413,8479,33958
3414,8581,33753
3415,9906,170323
3416,7878,74736
3417,8371,74736
3418,8581,51949
3419,8305,38427
3420,8558,40672
3421,8305,33439
3422,9783,32678
3423,9783,32678
3424,8394,37623
3425,8696,295212
3426,9865,96613
3427,8306,477498
3428,9869,38520
3429,10205,38484
3430,10281,213504
3431,8371,104986
3432,8696,37579
3433,8696,37579
3434,8696,37579
3435,9864,37656
3436,9864,37656
3437,7878,174030
3438,9869,74743
3439,9869,74743
3440,8581,37597
3441,8558,45440
3442,8558,257855
3443,8370,213814
3444,9864,33843
3445,9869,107929
3446,8305,33634
3447,8661,38922
3448,8305,209950
3449,8371,33865
3450,10267,30994
3451,7878,261609
3452,10281,79737
3453,10268,12766
3454,9864,28439
3455,8315,33024
3456,10267,34007
3457,8371,37422
3458,8302,172430
3459,8558,193223
3460,8661,38160
3461,8558,193223
3462,8634,33988
3463,9783,111190
3464,9783,111190
3465,9783,33756
3466,8560,485141
3467,8603,45440
3468,8634,213688
3469,8581,30279
3470,8581,30279
3471,8305,41470
3472,9906,33634
3473,8696,33896
3474,8302,39562
3475,8305,41470
3476,8661,33861
3477,9906,33634
3478,8305,41470
3479,9864,104382
3480,9864,104382
3481,8560,102620
3482,8305,690308
3483,10205,30279
3484,9906,33843
3485,9906,33843
3486,10268,195335
3487,7878,213809
3488,8634,30661
3489,9906,30839
3490,8634,30661
3491,8558,107930
3492,10267,34029
3493,8634,30738
3494,9865,74404
3495,9864,18520
3496,9864,30459
3497,8661,33849
3498,8661,33849
3499,8661,33849
3500,9864,18520
3501,8394,193870
3502,9864,30459
3503,7878,25521
3504,10281,43374
3505,8633,25921
3506,8634,37482
3507,8696,33885
3508,9865,18501
3509,8302,95509
3510,8558,193223
3511,9783,70891
3512,7878,2752
3513,8634,96616
3514,9865,150641
3515,9910,18673
3516,9910,18673
3517,10205,30752
3518,8696,37581
3519,9906,19327
3520,10267,30276
3521,8581,105351
3522,8558,257855
3523,9864,41707
3524,8661,268039
3525,9910,28284
3526,10267,30276
3527,8634,195305
3528,9869,107929
3529,8371,33865
3530,10205,56678
3531,9869,107929
3532,8388,75206
3533,8581,280485
3534,8634,195305
3535,8306,291635
3536,8371,33865
3537,10267,182921
3538,8302,107929
3539,9868,18388
3540,9864,5233
3541,8581,30276
3542,8305,394825
3543,8634,38818
3544,8305,32675
3545,8634,30661
3546,8305,32675
3547,8305,32675
3548,8661,33856
3549,8305,394825
3550,8370,150731
3551,10268,108572
3552,8370,150731
3553,10267,30914
3554,8634,38818
3555,10267,38701
3556,8634,30738
3557,10267,30914
3558,9906,213482
3559,8305,75397
3560,8603,445908
3561,9864,25913
3562,9864,25913
3563,9783,181548
3564,10205,30752
3565,8634,30740
3566,9865,20325
3567,9783,38890
3568,10205,38824
3569,8581,127894
3570,8634,172948
3571,8305,75397
3572,8634,30738
3573,8305,75397
3574,8394,33775
3575,10268,102630
3576,7878,2752
3577,8560,282676
3578,8305,37449
3579,10267,391058
3580,10267,391058
3581,8603,264293
3582,10205,160844
3583,10268,202610
3584,8560,162497
3585,8558,190452
3586,9864,38521
3587,8371,295198
3588,7878,239350
3589,8661,291635
3590,8394,150968
3591,9864,522203
3592,9865,37622
3593,9865,150296
3594,8394,213695
3595,8560,241997
3596,9869,239965
3597,8661,215405
3598,7869,522576
3599,9906,47547
3600,8633,28467
3601,8560,47565
3602,8560,47565
3603,10267,93484
3604,8315,96617
3605,8315,96617
3606,9783,33756
3607,10281,154938
3608,8558,33767
3609,8696,41196
3610,8558,33767
3611,9906,184533
3612,8633,42346
3613,8315,45749
3614,7878,2805
3615,7878,2805
3616,10281,40523
3617,8581,46621
3618,9783,24385
3619,7878,43375
3620,10278,24385
3621,8315,96619
3622,8315,96619
3623,9869,33611
3624,8305,37469
3625,8302,165607
3626,9783,359190
3627,10268,80492
3628,9864,50473
3629,9906,38492
3630,8558,574662
3631,9906,45744
3632,8581,346379
3633,8315,96619
3634,10268,40501
3635,8661,24123
3636,9906,38700
3637,8305,75307
3638,8315,188060
3639,9864,34000
3640,8305,30468
3641,8581,105351
3642,8315,43375
3643,9864,34000
3644,10267,32761
3645,8558,102879
3646,8315,43375
3647,8305,75307
3648,9864,238841
3649,8558,102879
3650,9910,246177
3651,9910,246177
3652,9865,38469
3653,9867,75371
3654,9783,151079
3655,9783,151079
3656,9906,39792
3657,8371,38151
3658,8603,45749
3659,8633,346004
3660,9906,37631
3661,9910,39215
3662,9865,11555
3663,9783,37447
3664,10268,369800
3665,9906,30871
3666,9783,189178
3667,8371,26044
3668,10267,38701
3669,8634,172949
3670,8633,31097
3671,8372,244563
3672,9910,72623
3673,8315,33024
3674,8305,37474
3675,9864,573463
3676,10205,42479
3677,10205,37436
3678,10281,75001
3679,8302,214972
3680,8661,182928
3681,8315,33024
3682,8302,287231
3683,8372,38431
3684,8302,111237
3685,8315,150323
3686,8305,41156
3687,9864,46120
3688,8633,239219
3689,10267,108568
3690,8560,205278
3691,8633,37259
3692,8633,31921
3693,8696,38403
3694,8603,38889
3695,8633,25759
3696,9867,33964
3697,8315,33866
3698,9864,112758
3699,8560,38540
3700,9864,112758
3701,8305,24383
3702,8558,165706
3703,9906,33871
3704,8370,482331
3705,8302,358142
3706,8560,282678
3707,10281,37507
3708,8302,25773
3709,8302,213502
3710,8696,33637
3711,8661,182928
3712,10267,428947
3713,8302,306407
3714,8306,484906
3715,8315,150323
3716,8315,150323
3717,9910,205034
3718,9910,102628
3719,8603,38578
3720,10205,213483
3721,8603,30273
3722,8558,165706
3723,8370,184623
3724,8560,678234
3725,8394,24852
3726,8560,56686
3727,8302,25773
3728,8603,96652
3729,8394,213711
3730,9783,164210
3731,9864,75445
3732,8633,36378
3733,8560,184138
3734,8560,184138
3735,10268,33773
3736,8661,41157
3737,9864,267380
3738,8370,482331
3739,8302,39215
3740,9910,49836
3741,8661,20771
3742,10281,36130
3743,9910,31092
3744,10268,40719
3745,8633,31921
3746,10267,93480
3747,9906,412762
3748,9864,37450
3749,8394,38573
3750,9910,174472
3751,8394,38573
3752,9783,45744
3753,9783,31045
3754,10205,32043
3755,7878,213486
3756,9783,45744
3757,8560,26010
3758,10281,41582
3759,7878,534484
3760,8370,358127
3761,9910,428947
3762,8661,38131
3763,8370,231977
3764,10267,32762
3765,9864,191315
3766,8581,33668
3767,8558,38578
3768,8302,213805
3769,8603,242094
3770,7869,184114
3771,9783,189178
3772,8305,37461
3773,8305,369800
3774,8634,50047
3775,8581,38550
3776,8661,56686
3777,8305,38573
3778,8305,38044
3779,8581,38699
3780,8305,38573
3781,8558,213500
3782,8372,97762
3783,7878,43372
3784,8634,150250
3785,8634,150250
3786,8315,37408
3787,8634,150250
3788,8696,74213
3789,8306,179083
3790,9864,242887
3791,8661,24123
3792,7878,150754
3793,8315,37408
3794,10267,37459
3795,8302,561433
3796,8661,25462
3797,10205,251256
3798,9864,103139
3799,8315,213470
3800,8305,37461
3801,8394,38573
3802,10205,56867
3803,9864,38778
3804,9864,215927
3805,9864,46120
3806,9869,580704
3807,10281,6911
3808,9783,164210
3809,8634,35724
3810,9865,39142
3811,8394,38700
3812,8558,452243
3813,8581,43329
3814,8634,30626
3815,9906,37412
3816,9906,37412
3817,7878,534484
3818,10205,17703
3819,10267,32762
3820,9864,30646
3821,9906,22543
3822,8372,200917
3823,8633,26166
3824,8633,26166
3825,8315,37408
3826,8315,33030
3827,8315,33030
3828,8370,18784
3829,8315,33030
3830,8661,45204
3831,10205,38699
3832,9869,206301
3833,10205,37506
3834,10267,241825
3835,10267,241825
3836,10267,282691
3837,8302,101422
3838,8634,19533
3839,8581,303088
3840,9906,292313
3841,8302,213805
3842,8371,38363
3843,8305,37461
3844,10205,45744
3845,8394,215927
3846,8388,38526
3847,10281,111975
3848,10281,46808
3849,9864,38044
3850,8370,46808
3851,8560,38551
3852,8558,40165
3853,8558,40165
3854,9865,39142
3855,10268,500791
3856,9864,33800
3857,10205,70297
3858,8560,38551
3859,9865,75310
3860,9864,34602
3861,9864,573463
3862,8371,108809
3863,8394,40958
3864,8581,37799
3865,8603,22234
3866,8302,174472
3867,9867,37489
3868,8315,150832
3869,7878,41542
3870,8370,196126
3871,9906,96623
3872,8371,33958
3873,10205,24494
3874,9910,528873
3875,9869,23144
3876,9783,150328
3877,9783,410656
3878,8634,172948
3879,10281,173965
3880,8315,571623
3881,8302,514850
3882,8633,57078
3883,8560,205278
3884,8302,165607
3885,10205,629594
3886,10281,114601
3887,8634,212472
3888,7878,24099
3889,8558,574662
3890,9783,37445
3891,7878,474658
3892,8661,20771
3893,8560,26010
3894,9864,121923
3895,8394,38577
3896,10281,96627
3897,8372,179009
3898,9864,33800
3899,8315,108809
3900,8315,108809
3901,9783,156556
3902,8302,30922
3903,8305,39142
