id_temporada,id_j_en_plantel
9,1
8,2
7,3
8,4
4,5
3,6
9,7
5,8
9,9
5,10
4,11
8,12
5,13
3,14
7,15
4,16
8,17
6,18
5,19
5,20
4,21
3,22
2,23
7,24
5,25
2,26
2,27
2,28
2,29
9,30
8,31
4,32
6,33
8,34
7,35
5,36
4,37
6,38
6,39
6,40
4,41
2,42
9,43
8,44
5,45
4,46
9,47
9,48
8,49
6,50
6,51
8,52
8,53
6,54
5,55
4,56
3,57
5,58
4,59
3,60
5,61
4,62
5,63
8,64
4,65
3,66
2,67
2,68
3,69
2,70
9,71
9,72
8,73
2,74
7,75
8,76
6,77
5,78
4,79
8,80
4,81
3,82
3,83
2,84
7,85
3,86
4,87
4,88
8,89
6,90
5,91
7,92
2,93
3,94
9,95
7,96
5,97
4,98
5,99
3,100
2,101
6,102
8,103
2,104
2,105
8,106
5,107
5,108
2,109
3,110
7,111
7,112
9,113
8,114
2,115
7,116
6,117
9,118
6,119
3,120
7,121
9,122
6,123
4,124
5,125
7,126
8,127
4,128
3,129
4,130
9,131
5,132
5,133
9,134
8,135
5,136
5,137
5,138
4,139
9,140
8,141
6,142
4,143
3,144
3,145
3,146
3,147
5,148
8,149
7,150
7,151
7,152
7,153
8,154
2,155
6,156
4,157
8,158
7,159
4,160
5,161
4,162
3,163
3,164
7,165
4,166
2,167
5,168
5,169
8,170
9,171
9,172
7,173
5,174
9,175
8,176
9,177
9,178
8,179
2,180
2,181
7,182
9,183
8,184
6,185
9,186
4,187
5,188
7,189
8,190
5,191
6,192
9,193
5,194
5,195
8,196
7,197
2,198
4,199
7,200
4,201
3,202
3,203
9,204
2,205
9,206
8,207
2,208
8,209
3,210
7,211
5,212
7,213
3,214
3,215
4,216
3,217
2,218
4,219
9,220
9,221
2,222
9,223
3,224
8,225
7,226
7,227
7,228
5,229
7,230
7,231
6,232
7,233
9,234
5,235
4,236
3,237
2,238
7,239
3,240
3,241
6,242
2,243
8,244
5,245
2,246
9,247
9,248
2,249
2,250
8,251
7,252
7,253
5,254
2,255
2,256
6,257
4,258
4,259
3,260
2,261
8,262
7,263
5,264
4,265
5,266
3,267
9,268
9,269
7,270
6,271
5,272
4,273
4,274
3,275
7,276
5,277
7,278
3,279
3,280
5,281
2,282
4,283
2,284
7,285
5,286
4,287
2,288
6,289
8,290
9,291
7,292
2,293
9,294
9,295
7,296
6,297
5,298
8,299
5,300
8,301
8,302
2,303
9,304
7,305
3,306
9,307
8,308
7,309
5,310
5,311
4,312
9,313
9,314
5,315
9,316
8,317
8,318
3,319
2,320
9,321
9,322
6,323
5,324
5,325
9,326
3,327
2,328
2,329
7,330
8,331
3,332
8,333
6,334
3,335
4,336
7,337
4,338
4,339
9,340
8,341
4,342
2,343
4,344
2,345
2,346
3,347
3,348
8,349
6,350
8,351
5,352
4,353
9,354
3,355
9,356
5,357
4,358
7,359
4,360
4,361
7,362
5,363
3,364
7,365
5,366
3,367
9,368
5,369
8,370
4,371
3,372
8,373
6,374
6,375
2,376
4,377
4,378
6,379
5,380
6,381
3,382
6,383
6,384
5,385
8,386
4,387
7,388
6,389
9,390
9,391
8,392
4,393
8,394
5,395
8,396
6,397
8,398
5,399
5,400
5,401
2,402
5,403
2,404
3,405
4,406
3,407
2,408
9,409
3,410
4,411
3,412
6,413
5,414
6,415
3,416
6,417
5,418
2,419
7,420
2,421
5,422
3,423
2,424
9,425
7,426
6,427
8,428
3,429
7,430
6,431
2,432
4,433
5,434
5,435
3,436
4,437
6,438
9,439
4,440
9,441
7,442
6,443
2,444
2,445
2,446
9,447
4,448
5,449
3,450
3,451
5,452
6,453
7,454
8,455
7,456
2,457
8,458
9,459
9,460
8,461
6,462
9,463
8,464
7,465
3,466
2,467
9,468
9,469
4,470
3,471
8,472
2,473
3,474
9,475
5,476
9,477
4,478
6,479
6,480
8,481
9,482
6,483
8,484
3,485
6,486
7,487
3,488
2,489
7,490
3,491
5,492
5,493
5,494
7,495
8,496
2,497
3,498
9,499
4,500
5,501
7,502
8,503
4,504
4,505
7,506
9,507
7,508
3,509
2,510
6,511
9,512
7,513
2,514
6,515
9,516
9,517
2,518
8,519
6,520
7,521
6,522
2,523
2,524
8,525
8,526
2,527
9,528
8,529
9,530
9,531
8,532
5,533
4,534
3,535
2,536
8,537
9,538
9,539
6,540
5,541
4,542
5,543
3,544
8,545
5,546
4,547
3,548
2,549
3,550
2,551
5,552
9,553
9,554
8,555
8,556
5,557
4,558
7,559
3,560
2,561
4,562
8,563
7,564
6,565
6,566
3,567
4,568
9,569
9,570
3,571
2,572
8,573
2,574
2,575
5,576
6,577
2,578
9,579
2,580
3,581
2,582
8,583
9,584
9,585
2,586
5,587
8,588
3,589
9,590
5,591
4,592
4,593
3,594
6,595
5,596
6,597
3,598
5,599
2,600
8,601
6,602
9,603
8,604
4,605
6,606
3,607
2,608
6,609
7,610
2,611
9,612
6,613
9,614
9,615
8,616
8,617
5,618
9,619
3,620
7,621
9,622
5,623
3,624
8,625
6,626
5,627
2,628
6,629
4,630
7,631
6,632
6,633
7,634
6,635
3,636
6,637
5,638
4,639
8,640
4,641
3,642
9,643
8,644
4,645
3,646
5,647
4,648
4,649
8,650
7,651
2,652
5,653
6,654
4,655
5,656
6,657
3,658
7,659
2,660
2,661
6,662
6,663
7,664
8,665
8,666
4,667
9,668
9,669
7,670
3,671
5,672
9,673
7,674
4,675
2,676
8,677
7,678
3,679
8,680
8,681
9,682
7,683
6,684
3,685
7,686
6,687
2,688
5,689
9,690
2,691
8,692
8,693
6,694
2,695
2,696
8,697
4,698
6,699
9,700
4,701
6,702
9,703
5,704
7,705
2,706
9,707
8,708
7,709
6,710
5,711
4,712
2,713
3,714
9,715
4,716
7,717
5,718
3,719
5,720
4,721
3,722
8,723
8,724
7,725
5,726
3,727
2,728
3,729
9,730
5,731
3,732
7,733
8,734
9,735
9,736
6,737
6,738
8,739
6,740
8,741
6,742
2,743
9,744
9,745
2,746
2,747
5,748
4,749
8,750
7,751
4,752
3,753
5,754
9,755
5,756
9,757
5,758
4,759
7,760
2,761
8,762
6,763
2,764
7,765
6,766
3,767
9,768
4,769
3,770
2,771
3,772
2,773
8,774
4,775
2,776
9,777
6,778
3,779
9,780
3,781
9,782
9,783
8,784
8,785
7,786
5,787
4,788
8,789
3,790
2,791
4,792
6,793
6,794
9,795
4,796
2,797
8,798
4,799
9,800
9,801
3,802
8,803
7,804
5,805
4,806
8,807
6,808
6,809
2,810
9,811
7,812
3,813
8,814
3,815
5,816
8,817
7,818
7,819
7,820
4,821
2,822
7,823
2,824
8,825
6,826
6,827
9,828
7,829
4,830
7,831
6,832
8,833
3,834
9,835
8,836
8,837
2,838
8,839
6,840
7,841
5,842
7,843
5,844
9,845
6,846
5,847
8,848
7,849
5,850
7,851
2,852
8,853
6,854
6,855
6,856
9,857
4,858
4,859
6,860
5,861
2,862
6,863
5,864
3,865
6,866
4,867
6,868
9,869
9,870
2,871
3,872
6,873
4,874
8,875
8,876
5,877
7,878
4,879
3,880
9,881
4,882
5,883
8,884
4,885
7,886
5,887
6,888
7,889
2,890
6,891
4,892
2,893
3,894
8,895
7,896
6,897
8,898
7,899
2,900
2,901
4,902
7,903
8,904
6,905
8,906
5,907
3,908
4,909
9,910
8,911
9,912
7,913
2,914
9,915
6,916
3,917
5,918
6,919
2,920
2,921
8,922
6,923
3,924
8,925
2,926
5,927
7,928
5,929
5,930
8,931
5,932
6,933
5,934
2,935
6,936
7,937
3,938
7,939
9,940
6,941
2,942
2,943
4,944
6,945
7,946
5,947
2,948
4,949
7,950
7,951
9,952
3,953
7,954
6,955
9,956
3,957
7,958
4,959
8,960
6,961
9,962
5,963
6,964
5,965
4,966
6,967
2,968
7,969
3,970
7,971
5,972
4,973
8,974
7,975
9,976
8,977
6,978
6,979
9,980
2,981
5,982
6,983
4,984
5,985
2,986
7,987
7,988
8,989
8,990
5,991
5,992
3,993
5,994
6,995
9,996
8,997
6,998
5,999
5,1000
7,1001
5,1002
5,1003
9,1004
2,1005
3,1006
9,1007
9,1008
3,1009
9,1010
8,1011
7,1012
7,1013
7,1014
6,1015
9,1016
7,1017
6,1018
9,1019
8,1020
7,1021
5,1022
4,1023
7,1024
2,1025
8,1026
3,1027
7,1028
9,1029
9,1030
4,1031
4,1032
6,1033
3,1034
2,1035
4,1036
5,1037
3,1038
8,1039
6,1040
4,1041
3,1042
5,1043
9,1044
9,1045
8,1046
8,1047
7,1048
3,1049
4,1050
7,1051
7,1052
7,1053
5,1054
6,1055
7,1056
9,1057
8,1058
7,1059
6,1060
4,1061
6,1062
6,1063
7,1064
8,1065
9,1066
9,1067
9,1068
6,1069
6,1070
5,1071
4,1072
8,1073
3,1074
5,1075
9,1076
7,1077
5,1078
4,1079
3,1080
7,1081
7,1082
6,1083
8,1084
2,1085
2,1086
7,1087
4,1088
9,1089
8,1090
3,1091
9,1092
8,1093
5,1094
4,1095
4,1096
5,1097
6,1098
4,1099
6,1100
3,1101
4,1102
3,1103
7,1104
8,1105
8,1106
5,1107
4,1108
4,1109
4,1110
3,1111
4,1112
3,1113
3,1114
9,1115
7,1116
5,1117
2,1118
2,1119
9,1120
4,1121
4,1122
4,1123
9,1124
8,1125
5,1126
4,1127
3,1128
3,1129
8,1130
7,1131
8,1132
3,1133
8,1134
7,1135
9,1136
9,1137
6,1138
2,1139
4,1140
5,1141
6,1142
3,1143
8,1144
6,1145
5,1146
4,1147
9,1148
3,1149
3,1150
3,1151
2,1152
8,1153
7,1154
2,1155
7,1156
4,1157
7,1158
5,1159
3,1160
3,1161
7,1162
8,1163
9,1164
8,1165
9,1166
3,1167
2,1168
3,1169
7,1170
6,1171
6,1172
7,1173
5,1174
9,1175
7,1176
6,1177
4,1178
9,1179
3,1180
8,1181
5,1182
4,1183
8,1184
4,1185
7,1186
9,1187
2,1188
6,1189
9,1190
2,1191
9,1192
8,1193
5,1194
8,1195
2,1196
7,1197
5,1198
4,1199
9,1200
9,1201
8,1202
8,1203
8,1204
5,1205
4,1206
3,1207
2,1208
3,1209
6,1210
8,1211
6,1212
5,1213
2,1214
9,1215
3,1216
9,1217
7,1218
8,1219
4,1220
4,1221
9,1222
8,1223
7,1224
9,1225
9,1226
9,1227
8,1228
2,1229
4,1230
7,1231
9,1232
5,1233
9,1234
8,1235
9,1236
5,1237
4,1238
5,1239
5,1240
3,1241
5,1242
4,1243
3,1244
9,1245
4,1246
4,1247
8,1248
2,1249
7,1250
9,1251
8,1252
5,1253
7,1254
4,1255
4,1256
3,1257
5,1258
3,1259
3,1260
4,1261
8,1262
2,1263
2,1264
2,1265
9,1266
9,1267
8,1268
6,1269
6,1270
3,1271
2,1272
9,1273
9,1274
8,1275
7,1276
2,1277
4,1278
9,1279
7,1280
9,1281
5,1282
3,1283
2,1284
4,1285
4,1286
7,1287
4,1288
9,1289
6,1290
5,1291
5,1292
3,1293
8,1294
4,1295
8,1296
5,1297
5,1298
4,1299
7,1300
4,1301
4,1302
3,1303
7,1304
5,1305
6,1306
6,1307
3,1308
6,1309
2,1310
8,1311
4,1312
7,1313
3,1314
2,1315
4,1316
4,1317
6,1318
5,1319
2,1320
2,1321
9,1322
8,1323
7,1324
2,1325
9,1326
9,1327
3,1328
4,1329
8,1330
9,1331
7,1332
8,1333
4,1334
7,1335
5,1336
4,1337
6,1338
8,1339
7,1340
2,1341
9,1342
9,1343
2,1344
8,1345
9,1346
7,1347
2,1348
8,1349
2,1350
5,1351
2,1352
2,1353
2,1354
6,1355
3,1356
7,1357
7,1358
5,1359
8,1360
9,1361
6,1362
5,1363
2,1364
9,1365
2,1366
6,1367
3,1368
4,1369
3,1370
5,1371
5,1372
7,1373
4,1374
6,1375
9,1376
9,1377
8,1378
6,1379
8,1380
6,1381
8,1382
7,1383
3,1384
5,1385
4,1386
4,1387
8,1388
5,1389
9,1390
9,1391
8,1392
7,1393
2,1394
3,1395
6,1396
2,1397
4,1398
2,1399
6,1400
7,1401
2,1402
6,1403
7,1404
3,1405
7,1406
4,1407
8,1408
2,1409
7,1410
7,1411
3,1412
2,1413
8,1414
5,1415
7,1416
4,1417
3,1418
5,1419
2,1420
4,1421
3,1422
8,1423
9,1424
5,1425
4,1426
3,1427
4,1428
3,1429
4,1430
3,1431
2,1432
2,1433
5,1434
2,1435
8,1436
3,1437
2,1438
9,1439
4,1440
3,1441
7,1442
5,1443
2,1444
6,1445
4,1446
4,1447
2,1448
6,1449
7,1450
9,1451
7,1452
4,1453
6,1454
9,1455
8,1456
9,1457
6,1458
8,1459
7,1460
6,1461
7,1462
8,1463
7,1464
4,1465
8,1466
3,1467
5,1468
8,1469
3,1470
6,1471
5,1472
7,1473
7,1474
8,1475
9,1476
6,1477
5,1478
4,1479
4,1480
4,1481
9,1482
2,1483
7,1484
7,1485
2,1486
2,1487
5,1488
6,1489
6,1490
7,1491
4,1492
5,1493
4,1494
4,1495
4,1496
3,1497
3,1498
4,1499
5,1500
7,1501
6,1502
6,1503
5,1504
4,1505
6,1506
3,1507
8,1508
6,1509
9,1510
9,1511
9,1512
8,1513
8,1514
2,1515
2,1516
2,1517
6,1518
6,1519
2,1520
6,1521
9,1522
6,1523
8,1524
5,1525
2,1526
2,1527
9,1528
8,1529
5,1530
3,1531
9,1532
8,1533
2,1534
9,1535
5,1536
4,1537
6,1538
5,1539
9,1540
5,1541
9,1542
5,1543
5,1544
5,1545
4,1546
4,1547
3,1548
7,1549
3,1550
5,1551
7,1552
5,1553
3,1554
2,1555
7,1556
3,1557
4,1558
9,1559
8,1560
8,1561
8,1562
7,1563
9,1564
4,1565
8,1566
9,1567
8,1568
6,1569
9,1570
8,1571
6,1572
7,1573
5,1574
2,1575
4,1576
9,1577
6,1578
3,1579
8,1580
7,1581
9,1582
8,1583
7,1584
5,1585
3,1586
9,1587
5,1588
5,1589
4,1590
6,1591
6,1592
3,1593
2,1594
6,1595
4,1596
4,1597
2,1598
7,1599
7,1600
7,1601
2,1602
2,1603
7,1604
2,1605
2,1606
9,1607
9,1608
6,1609
5,1610
4,1611
5,1612
4,1613
3,1614
4,1615
3,1616
6,1617
3,1618
5,1619
5,1620
6,1621
4,1622
4,1623
9,1624
8,1625
8,1626
3,1627
4,1628
2,1629
6,1630
5,1631
9,1632
3,1633
9,1634
5,1635
4,1636
3,1637
8,1638
7,1639
2,1640
9,1641
5,1642
3,1643
8,1644
7,1645
9,1646
7,1647
6,1648
4,1649
2,1650
5,1651
8,1652
6,1653
4,1654
7,1655
7,1656
5,1657
6,1658
7,1659
5,1660
4,1661
4,1662
2,1663
7,1664
2,1665
2,1666
6,1667
6,1668
4,1669
5,1670
5,1671
4,1672
3,1673
7,1674
7,1675
6,1676
2,1677
6,1678
6,1679
7,1680
8,1681
6,1682
9,1683
5,1684
4,1685
6,1686
8,1687
3,1688
5,1689
4,1690
8,1691
6,1692
9,1693
7,1694
2,1695
2,1696
2,1697
8,1698
7,1699
6,1700
9,1701
8,1702
2,1703
7,1704
9,1705
9,1706
8,1707
6,1708
4,1709
7,1710
7,1711
3,1712
3,1713
3,1714
6,1715
5,1716
6,1717
3,1718
9,1719
7,1720
6,1721
5,1722
7,1723
5,1724
4,1725
5,1726
9,1727
6,1728
4,1729
3,1730
3,1731
2,1732
5,1733
9,1734
8,1735
4,1736
7,1737
5,1738
2,1739
2,1740
8,1741
8,1742
6,1743
6,1744
5,1745
7,1746
2,1747
5,1748
4,1749
5,1750
3,1751
3,1752
5,1753
3,1754
3,1755
8,1756
4,1757
9,1758
4,1759
4,1760
5,1761
4,1762
7,1763
3,1764
7,1765
2,1766
2,1767
2,1768
8,1769
6,1770
4,1771
3,1772
9,1773
3,1774
3,1775
5,1776
6,1777
5,1778
4,1779
4,1780
2,1781
5,1782
5,1783
3,1784
7,1785
6,1786
8,1787
6,1788
5,1789
3,1790
2,1791
6,1792
2,1793
3,1794
2,1795
8,1796
5,1797
4,1798
9,1799
9,1800
4,1801
6,1802
9,1803
9,1804
8,1805
2,1806
5,1807
6,1808
6,1809
6,1810
7,1811
7,1812
2,1813
8,1814
6,1815
9,1816
9,1817
8,1818
6,1819
3,1820
5,1821
4,1822
8,1823
6,1824
7,1825
3,1826
7,1827
7,1828
4,1829
7,1830
4,1831
8,1832
5,1833
5,1834
3,1835
5,1836
8,1837
8,1838
6,1839
9,1840
9,1841
6,1842
4,1843
9,1844
3,1845
4,1846
3,1847
5,1848
7,1849
6,1850
7,1851
9,1852
7,1853
6,1854
7,1855
9,1856
9,1857
4,1858
4,1859
7,1860
7,1861
5,1862
5,1863
9,1864
6,1865
6,1866
6,1867
6,1868
4,1869
2,1870
3,1871
5,1872
2,1873
4,1874
8,1875
4,1876
4,1877
5,1878
2,1879
3,1880
9,1881
7,1882
8,1883
9,1884
3,1885
4,1886
4,1887
4,1888
7,1889
7,1890
9,1891
6,1892
2,1893
6,1894
7,1895
9,1896
7,1897
2,1898
6,1899
3,1900
4,1901
3,1902
8,1903
2,1904
8,1905
9,1906
6,1907
6,1908
5,1909
3,1910
5,1911
4,1912
2,1913
9,1914
8,1915
5,1916
7,1917
4,1918
2,1919
5,1920
7,1921
2,1922
7,1923
2,1924
4,1925
7,1926
3,1927
9,1928
9,1929
5,1930
4,1931
7,1932
8,1933
2,1934
7,1935
9,1936
8,1937
7,1938
9,1939
7,1940
4,1941
7,1942
5,1943
4,1944
5,1945
5,1946
4,1947
5,1948
3,1949
3,1950
2,1951
4,1952
4,1953
2,1954
5,1955
4,1956
6,1957
3,1958
7,1959
4,1960
4,1961
2,1962
7,1963
4,1964
2,1965
6,1966
8,1967
6,1968
3,1969
7,1970
5,1971
9,1972
4,1973
6,1974
3,1975
2,1976
8,1977
5,1978
2,1979
5,1980
4,1981
3,1982
8,1983
5,1984
3,1985
2,1986
9,1987
9,1988
6,1989
6,1990
4,1991
3,1992
7,1993
5,1994
4,1995
3,1996
6,1997
9,1998
8,1999
6,2000
5,2001
6,2002
3,2003
8,2004
7,2005
5,2006
2,2007
4,2008
7,2009
5,2010
4,2011
9,2012
8,2013
2,2014
8,2015
7,2016
7,2017
4,2018
3,2019
3,2020
2,2021
4,2022
3,2023
4,2024
7,2025
3,2026
6,2027
5,2028
4,2029
4,2030
9,2031
4,2032
9,2033
9,2034
5,2035
3,2036
3,2037
2,2038
7,2039
5,2040
6,2041
2,2042
6,2043
5,2044
2,2045
2,2046
6,2047
5,2048
9,2049
3,2050
8,2051
9,2052
8,2053
4,2054
3,2055
2,2056
9,2057
8,2058
5,2059
2,2060
9,2061
8,2062
6,2063
4,2064
3,2065
2,2066
7,2067
5,2068
5,2069
4,2070
3,2071
2,2072
2,2073
2,2074
3,2075
9,2076
8,2077
7,2078
4,2079
4,2080
4,2081
5,2082
3,2083
3,2084
2,2085
5,2086
3,2087
6,2088
4,2089
2,2090
7,2091
7,2092
2,2093
2,2094
2,2095
8,2096
9,2097
9,2098
5,2099
7,2100
4,2101
4,2102
8,2103
7,2104
5,2105
7,2106
4,2107
2,2108
5,2109
2,2110
6,2111
3,2112
2,2113
6,2114
6,2115
6,2116
6,2117
6,2118
5,2119
4,2120
4,2121
7,2122
9,2123
8,2124
6,2125
4,2126
3,2127
8,2128
2,2129
8,2130
7,2131
6,2132
5,2133
4,2134
2,2135
7,2136
8,2137
3,2138
2,2139
9,2140
8,2141
6,2142
6,2143
9,2144
7,2145
2,2146
3,2147
4,2148
5,2149
6,2150
5,2151
7,2152
8,2153
2,2154
8,2155
7,2156
5,2157
4,2158
9,2159
2,2160
9,2161
2,2162
4,2163
9,2164
3,2165
4,2166
7,2167
8,2168
3,2169
8,2170
9,2171
5,2172
4,2173
3,2174
4,2175
3,2176
2,2177
4,2178
9,2179
8,2180
7,2181
3,2182
3,2183
7,2184
7,2185
8,2186
7,2187
6,2188
9,2189
8,2190
7,2191
9,2192
5,2193
2,2194
3,2195
5,2196
8,2197
2,2198
9,2199
7,2200
6,2201
5,2202
4,2203
7,2204
3,2205
2,2206
5,2207
3,2208
8,2209
6,2210
8,2211
3,2212
3,2213
6,2214
9,2215
9,2216
9,2217
6,2218
3,2219
2,2220
2,2221
5,2222
3,2223
2,2224
5,2225
3,2226
7,2227
8,2228
8,2229
7,2230
5,2231
6,2232
9,2233
4,2234
4,2235
5,2236
5,2237
6,2238
8,2239
6,2240
3,2241
9,2242
9,2243
8,2244
8,2245
7,2246
7,2247
5,2248
9,2249
3,2250
4,2251
3,2252
3,2253
9,2254
4,2255
4,2256
8,2257
7,2258
9,2259
2,2260
8,2261
3,2262
8,2263
6,2264
6,2265
3,2266
7,2267
6,2268
8,2269
6,2270
3,2271
3,2272
4,2273
3,2274
5,2275
7,2276
6,2277
7,2278
3,2279
8,2280
7,2281
2,2282
9,2283
7,2284
6,2285
4,2286
5,2287
5,2288
7,2289
6,2290
8,2291
4,2292
7,2293
5,2294
3,2295
6,2296
4,2297
3,2298
4,2299
9,2300
4,2301
2,2302
5,2303
8,2304
5,2305
4,2306
8,2307
6,2308
4,2309
5,2310
9,2311
9,2312
6,2313
7,2314
5,2315
7,2316
7,2317
3,2318
2,2319
7,2320
2,2321
2,2322
8,2323
4,2324
3,2325
9,2326
8,2327
3,2328
5,2329
3,2330
6,2331
7,2332
7,2333
4,2334
5,2335
9,2336
9,2337
9,2338
7,2339
7,2340
6,2341
9,2342
5,2343
7,2344
8,2345
3,2346
4,2347
5,2348
5,2349
3,2350
8,2351
5,2352
4,2353
3,2354
4,2355
6,2356
6,2357
5,2358
9,2359
2,2360
7,2361
7,2362
7,2363
2,2364
2,2365
2,2366
5,2367
3,2368
7,2369
8,2370
8,2371
4,2372
3,2373
5,2374
8,2375
5,2376
3,2377
4,2378
5,2379
3,2380
3,2381
3,2382
7,2383
5,2384
7,2385
2,2386
9,2387
4,2388
4,2389
3,2390
8,2391
7,2392
6,2393
6,2394
2,2395
7,2396
2,2397
7,2398
2,2399
4,2400
3,2401
3,2402
5,2403
7,2404
4,2405
2,2406
5,2407
8,2408
2,2409
5,2410
8,2411
8,2412
8,2413
5,2414
5,2415
4,2416
8,2417
4,2418
3,2419
7,2420
7,2421
8,2422
6,2423
6,2424
4,2425
5,2426
7,2427
8,2428
5,2429
5,2430
4,2431
4,2432
6,2433
5,2434
2,2435
3,2436
4,2437
4,2438
3,2439
4,2440
9,2441
4,2442
5,2443
8,2444
7,2445
7,2446
2,2447
3,2448
7,2449
9,2450
9,2451
5,2452
9,2453
6,2454
6,2455
7,2456
9,2457
2,2458
2,2459
2,2460
2,2461
8,2462
5,2463
2,2464
7,2465
6,2466
2,2467
6,2468
7,2469
7,2470
6,2471
4,2472
3,2473
2,2474
4,2475
4,2476
9,2477
6,2478
2,2479
9,2480
6,2481
5,2482
6,2483
8,2484
8,2485
3,2486
2,2487
7,2488
5,2489
3,2490
6,2491
2,2492
6,2493
8,2494
9,2495
3,2496
9,2497
4,2498
3,2499
4,2500
9,2501
6,2502
9,2503
8,2504
7,2505
9,2506
4,2507
3,2508
2,2509
8,2510
6,2511
5,2512
5,2513
2,2514
9,2515
8,2516
6,2517
9,2518
9,2519
9,2520
8,2521
8,2522
7,2523
7,2524
2,2525
2,2526
3,2527
9,2528
8,2529
8,2530
7,2531
9,2532
9,2533
4,2534
9,2535
9,2536
8,2537
6,2538
5,2539
7,2540
6,2541
4,2542
3,2543
9,2544
6,2545
9,2546
2,2547
6,2548
6,2549
5,2550
5,2551
5,2552
4,2553
4,2554
3,2555
2,2556
5,2557
7,2558
3,2559
9,2560
4,2561
5,2562
3,2563
8,2564
7,2565
6,2566
8,2567
9,2568
8,2569
4,2570
6,2571
2,2572
3,2573
9,2574
8,2575
7,2576
5,2577
8,2578
4,2579
2,2580
9,2581
6,2582
7,2583
7,2584
7,2585
5,2586
3,2587
3,2588
9,2589
5,2590
2,2591
2,2592
3,2593
8,2594
6,2595
6,2596
3,2597
6,2598
9,2599
9,2600
9,2601
8,2602
3,2603
4,2604
9,2605
7,2606
6,2607
8,2608
2,2609
6,2610
7,2611
6,2612
5,2613
5,2614
8,2615
2,2616
2,2617
6,2618
3,2619
6,2620
3,2621
4,2622
2,2623
8,2624
2,2625
7,2626
7,2627
6,2628
2,2629
4,2630
6,2631
9,2632
2,2633
5,2634
6,2635
8,2636
3,2637
9,2638
5,2639
9,2640
9,2641
6,2642
8,2643
4,2644
9,2645
6,2646
5,2647
3,2648
4,2649
4,2650
3,2651
6,2652
6,2653
2,2654
2,2655
8,2656
4,2657
7,2658
5,2659
7,2660
5,2661
6,2662
9,2663
8,2664
9,2665
3,2666
6,2667
4,2668
9,2669
5,2670
7,2671
6,2672
5,2673
3,2674
7,2675
6,2676
3,2677
9,2678
8,2679
8,2680
3,2681
2,2682
5,2683
7,2684
6,2685
9,2686
8,2687
7,2688
6,2689
5,2690
4,2691
5,2692
2,2693
3,2694
7,2695
6,2696
2,2697
2,2698
5,2699
6,2700
3,2701
6,2702
5,2703
9,2704
7,2705
4,2706
3,2707
8,2708
7,2709
7,2710
5,2711
8,2712
3,2713
2,2714
9,2715
4,2716
9,2717
9,2718
6,2719
5,2720
4,2721
2,2722
2,2723
8,2724
6,2725
5,2726
3,2727
6,2728
9,2729
2,2730
4,2731
8,2732
7,2733
9,2734
8,2735
5,2736
7,2737
8,2738
4,2739
3,2740
3,2741
9,2742
2,2743
8,2744
6,2745
5,2746
8,2747
3,2748
2,2749
3,2750
2,2751
4,2752
4,2753
6,2754
5,2755
4,2756
4,2757
3,2758
3,2759
8,2760
5,2761
4,2762
3,2763
2,2764
2,2765
7,2766
4,2767
3,2768
6,2769
2,2770
4,2771
6,2772
8,2773
3,2774
4,2775
4,2776
6,2777
9,2778
9,2779
7,2780
6,2781
2,2782
8,2783
8,2784
6,2785
6,2786
2,2787
4,2788
6,2789
8,2790
4,2791
6,2792
3,2793
7,2794
5,2795
8,2796
7,2797
6,2798
6,2799
6,2800
3,2801
2,2802
8,2803
4,2804
4,2805
4,2806
3,2807
7,2808
7,2809
5,2810
4,2811
8,2812
6,2813
5,2814
9,2815
6,2816
9,2817
6,2818
4,2819
8,2820
8,2821
4,2822
3,2823
7,2824
2,2825
8,2826
3,2827
7,2828
6,2829
6,2830
8,2831
6,2832
2,2833
8,2834
6,2835
8,2836
7,2837
8,2838
4,2839
3,2840
9,2841
5,2842
3,2843
4,2844
6,2845
6,2846
9,2847
7,2848
6,2849
6,2850
2,2851
3,2852
7,2853
6,2854
3,2855
5,2856
2,2857
8,2858
3,2859
3,2860
3,2861
9,2862
8,2863
4,2864
5,2865
6,2866
6,2867
5,2868
6,2869
7,2870
7,2871
4,2872
2,2873
3,2874
6,2875
9,2876
8,2877
9,2878
3,2879
8,2880
3,2881
4,2882
8,2883
6,2884
4,2885
9,2886
6,2887
8,2888
2,2889
8,2890
7,2891
9,2892
7,2893
9,2894
8,2895
5,2896
9,2897
4,2898
5,2899
9,2900
8,2901
9,2902
9,2903
8,2904
7,2905
6,2906
6,2907
6,2908
3,2909
6,2910
9,2911
8,2912
7,2913
4,2914
7,2915
7,2916
6,2917
4,2918
7,2919
4,2920
8,2921
9,2922
8,2923
2,2924
6,2925
6,2926
5,2927
4,2928
4,2929
4,2930
7,2931
7,2932
3,2933
4,2934
8,2935
4,2936
9,2937
5,2938
9,2939
6,2940
2,2941
4,2942
2,2943
6,2944
5,2945
2,2946
3,2947
5,2948
4,2949
5,2950
3,2951
2,2952
6,2953
7,2954
5,2955
3,2956
6,2957
5,2958
8,2959
8,2960
7,2961
5,2962
3,2963
9,2964
5,2965
4,2966
7,2967
4,2968
6,2969
2,2970
4,2971
5,2972
3,2973
2,2974
3,2975
5,2976
9,2977
8,2978
4,2979
3,2980
9,2981
7,2982
8,2983
7,2984
2,2985
3,2986
5,2987
9,2988
9,2989
9,2990
9,2991
8,2992
7,2993
5,2994
2,2995
3,2996
5,2997
2,2998
6,2999
6,3000
8,3001
2,3002
2,3003
7,3004
3,3005
6,3006
7,3007
5,3008
4,3009
3,3010
3,3011
9,3012
6,3013
5,3014
5,3015
6,3016
6,3017
7,3018
6,3019
3,3020
8,3021
6,3022
5,3023
2,3024
5,3025
5,3026
4,3027
2,3028
9,3029
3,3030
2,3031
2,3032
9,3033
8,3034
5,3035
6,3036
7,3037
7,3038
7,3039
8,3040
5,3041
7,3042
9,3043
6,3044
3,3045
2,3046
2,3047
7,3048
6,3049
2,3050
4,3051
6,3052
3,3053
8,3054
7,3055
6,3056
8,3057
7,3058
6,3059
6,3060
6,3061
2,3062
3,3063
9,3064
5,3065
2,3066
6,3067
8,3068
7,3069
8,3070
7,3071
6,3072
7,3073
3,3074
9,3075
9,3076
8,3077
6,3078
5,3079
4,3080
3,3081
3,3082
3,3083
8,3084
3,3085
5,3086
9,3087
5,3088
5,3089
6,3090
5,3091
2,3092
2,3093
8,3094
6,3095
9,3096
7,3097
6,3098
8,3099
4,3100
9,3101
9,3102
9,3103
8,3104
6,3105
5,3106
4,3107
4,3108
3,3109
2,3110
6,3111
6,3112
9,3113
8,3114
5,3115
2,3116
6,3117
9,3118
7,3119
3,3120
8,3121
4,3122
3,3123
6,3124
2,3125
8,3126
7,3127
6,3128
6,3129
9,3130
6,3131
4,3132
3,3133
5,3134
9,3135
4,3136
4,3137
3,3138
8,3139
7,3140
9,3141
8,3142
3,3143
5,3144
5,3145
3,3146
2,3147
6,3148
8,3149
4,3150
7,3151
2,3152
4,3153
7,3154
6,3155
6,3156
6,3157
9,3158
9,3159
9,3160
9,3161
2,3162
8,3163
6,3164
9,3165
7,3166
6,3167
5,3168
5,3169
4,3170
5,3171
3,3172
9,3173
6,3174
8,3175
7,3176
3,3177
3,3178
9,3179
8,3180
8,3181
8,3182
3,3183
2,3184
9,3185
9,3186
5,3187
5,3188
9,3189
9,3190
8,3191
4,3192
4,3193
3,3194
2,3195
8,3196
4,3197
3,3198
2,3199
4,3200
4,3201
2,3202
5,3203
4,3204
8,3205
3,3206
9,3207
6,3208
3,3209
2,3210
4,3211
9,3212
4,3213
9,3214
9,3215
9,3216
4,3217
3,3218
5,3219
8,3220
8,3221
5,3222
7,3223
4,3224
3,3225
3,3226
7,3227
5,3228
6,3229
9,3230
4,3231
3,3232
7,3233
7,3234
7,3235
5,3236
4,3237
9,3238
3,3239
4,3240
6,3241
5,3242
3,3243
3,3244
6,3245
7,3246
3,3247
2,3248
3,3249
7,3250
4,3251
8,3252
6,3253
9,3254
8,3255
9,3256
7,3257
5,3258
5,3259
5,3260
6,3261
2,3262
6,3263
7,3264
2,3265
9,3266
8,3267
5,3268
3,3269
6,3270
3,3271
8,3272
3,3273
5,3274
5,3275
4,3276
8,3277
9,3278
8,3279
7,3280
7,3281
7,3282
5,3283
5,3284
5,3285
8,3286
5,3287
9,3288
8,3289
6,3290
5,3291
3,3292
9,3293
6,3294
4,3295
3,3296
4,3297
2,3298
7,3299
3,3300
4,3301
4,3302
3,3303
7,3304
4,3305
2,3306
9,3307
7,3308
6,3309
4,3310
2,3311
3,3312
9,3313
8,3314
7,3315
7,3316
2,3317
5,3318
7,3319
3,3320
7,3321
4,3322
2,3323
8,3324
2,3325
9,3326
7,3327
5,3328
5,3329
4,3330
6,3331
9,3332
8,3333
4,3334
5,3335
8,3336
6,3337
5,3338
6,3339
4,3340
2,3341
5,3342
3,3343
6,3344
4,3345
2,3346
2,3347
2,3348
5,3349
9,3350
7,3351
9,3352
9,3353
5,3354
2,3355
6,3356
2,3357
7,3358
8,3359
5,3360
2,3361
4,3362
4,3363
2,3364
8,3365
9,3366
2,3367
2,3368
4,3369
9,3370
4,3371
6,3372
7,3373
6,3374
9,3375
5,3376
8,3377
7,3378
4,3379
2,3380
5,3381
5,3382
7,3383
4,3384
6,3385
7,3386
9,3387
7,3388
9,3389
2,3390
9,3391
4,3392
2,3393
9,3394
6,3395
2,3396
3,3397
3,3398
5,3399
2,3400
7,3401
8,3402
9,3403
8,3404
7,3405
5,3406
3,3407
4,3408
7,3409
6,3410
8,3411
9,3412
2,3413
6,3414
7,3415
6,3416
2,3417
6,3418
7,3419
7,3420
2,3421
9,3422
8,3423
6,3424
5,3425
2,3426
9,3427
2,3428
8,3429
7,3430
6,3431
5,3432
4,3433
3,3434
4,3435
5,3436
9,3437
4,3438
3,3439
6,3440
2,3441
9,3442
7,3443
7,3444
4,3445
6,3446
2,3447
7,3448
5,3449
2,3450
7,3451
7,3452
7,3453
5,3454
5,3455
2,3456
7,3457
6,3458
3,3459
2,3460
5,3461
7,3462
9,3463
8,3464
9,3465
7,3466
6,3467
6,3468
5,3469
4,3470
4,3471
3,3472
2,3473
2,3474
3,3475
2,3476
4,3477
5,3478
9,3479
8,3480
7,3481
9,3482
2,3483
9,3484
8,3485
8,3486
7,3487
5,3488
2,3489
3,3490
6,3491
2,3492
3,3493
4,3494
9,3495
5,3496
5,3497
4,3498
3,3499
8,3500
5,3501
4,3502
5,3503
3,3504
7,3505
7,3506
3,3507
2,3508
6,3509
4,3510
2,3511
8,3512
2,3513
4,3514
9,3515
8,3516
4,3517
2,3518
5,3519
3,3520
9,3521
8,3522
2,3523
6,3524
6,3525
4,3526
8,3527
5,3528
4,3529
3,3530
3,3531
2,3532
9,3533
9,3534
9,3535
3,3536
7,3537
6,3538
3,3539
3,3540
6,3541
9,3542
8,3543
5,3544
4,3545
4,3546
3,3547
2,3548
8,3549
8,3550
7,3551
9,3552
4,3553
9,3554
3,3555
4,3556
5,3557
4,3558
3,3559
7,3560
4,3561
3,3562
6,3563
5,3564
3,3565
7,3566
2,3567
2,3568
4,3569
4,3570
5,3571
5,3572
4,3573
6,3574
7,3575
9,3576
5,3577
6,3578
9,3579
8,3580
6,3581
5,3582
7,3583
7,3584
7,3585
5,3586
5,3587
9,3588
5,3589
6,3590
9,3591
7,3592
7,3593
5,3594
5,3595
9,3596
6,3597
8,3598
7,3599
6,3600
5,3601
4,3602
6,3603
4,3604
3,3605
8,3606
6,3607
3,3608
2,3609
4,3610
7,3611
8,3612
7,3613
9,3614
8,3615
7,3616
7,3617
6,3618
6,3619
4,3620
4,3621
3,3622
2,3623
2,3624
4,3625
8,3626
7,3627
7,3628
2,3629
9,3630
7,3631
9,3632
5,3633
8,3634
4,3635
2,3636
3,3637
5,3638
4,3639
2,3640
8,3641
9,3642
5,3643
2,3644
8,3645
8,3646
4,3647
6,3648
9,3649
9,3650
8,3651
7,3652
3,3653
8,3654
9,3655
8,3656
7,3657
5,3658
8,3659
7,3660
7,3661
2,3662
2,3663
8,3664
6,3665
4,3666
2,3667
4,3668
6,3669
6,3670
9,3671
7,3672
3,3673
2,3674
9,3675
7,3676
2,3677
3,3678
6,3679
4,3680
4,3681
7,3682
8,3683
7,3684
5,3685
2,3686
9,3687
9,3688
6,3689
5,3690
2,3691
8,3692
2,3693
2,3694
2,3695
3,3696
2,3697
8,3698
7,3699
9,3700
6,3701
9,3702
7,3703
8,3704
7,3705
5,3706
3,3707
5,3708
5,3709
2,3710
5,3711
9,3712
7,3713
9,3714
4,3715
3,3716
8,3717
6,3718
2,3719
8,3720
2,3721
8,3722
5,3723
9,3724
5,3725
7,3726
4,3727
7,3728
6,3729
4,3730
9,3731
6,3732
5,3733
4,3734
8,3735
6,3736
6,3737
9,3738
9,3739
7,3740
4,3741
6,3742
6,3743
7,3744
9,3745
7,3746
9,3747
7,3748
4,3749
9,3750
5,3751
4,3752
2,3753
2,3754
6,3755
3,3756
4,3757
3,3758
9,3759
6,3760
8,3761
6,3762
7,3763
4,3764
6,3765
4,3766
7,3767
9,3768
6,3769
8,3770
3,3771
4,3772
9,3773
5,3774
5,3775
2,3776
9,3777
2,3778
9,3779
8,3780
8,3781
9,3782
7,3783
5,3784
4,3785
3,3786
3,3787
2,3788
9,3789
9,3790
5,3791
6,3792
4,3793
3,3794
9,3795
6,3796
8,3797
5,3798
7,3799
5,3800
3,3801
3,3802
7,3803
9,3804
8,3805
9,3806
2,3807
3,3808
3,3809
4,3810
4,3811
9,3812
8,3813
2,3814
4,3815
3,3816
8,3817
7,3818
3,3819
7,3820
6,3821
9,3822
9,3823
8,3824
5,3825
4,3826
3,3827
5,3828
5,3829
6,3830
2,3831
9,3832
9,3833
9,3834
8,3835
5,3836
6,3837
7,3838
9,3839
8,3840
8,3841
6,3842
3,3843
9,3844
5,3845
2,3846
7,3847
7,3848
9,3849
9,3850
4,3851
4,3852
3,3853
3,3854
7,3855
3,3856
2,3857
5,3858
2,3859
5,3860
8,3861
2,3862
6,3863
6,3864
2,3865
8,3866
3,3867
6,3868
6,3869
6,3870
6,3871
7,3872
5,3873
9,3874
2,3875
3,3876
6,3877
5,3878
3,3879
8,3880
7,3881
2,3882
4,3883
3,3884
9,3885
6,3886
7,3887
6,3888
8,3889
2,3890
7,3891
5,3892
5,3893
2,3894
3,3895
2,3896
8,3897
4,3898
9,3899
8,3900
6,3901
2,3902
9,3903
